TamanhoVetor,BubbleSort,InsertionSort,QuickSort,Misto,ShellSort,std::sort,HeapSort,MergeSort,SelectionSort
1,2.55976563e-05,2.52451172e-05,3.07158203e-05,2.85742188e-05,0.000446249023,3.18173828e-05,3.45634766e-05,2.74316406e-05,2.49228516e-05
2,5.02460938e-05,0.000142896484,0.00246963086,4.41914063e-05,4.30175781e-05,6.15537109e-05,6.37431641e-05,0.000148128906,4.24140625e-05
3,6.34599609e-05,5.19931641e-05,0.000107188477,5.534375e-05,5.11328125e-05,0.000101036133,8.40966797e-05,0.000149789063,5.81855469e-05
4,8.59003906e-05,6.72695313e-05,0.000130353516,6.75302734e-05,0.000140991211,0.000103890625,0.000114749023,0.000182233398,7.52177734e-05
5,0.000108120117,8.08720703e-05,0.00017053125,9.92890625e-05,0.000136012695,0.00012715918,0.000149379883,0.000288976563,9.64091797e-05
6,0.000135636719,9.90566406e-05,0.000219551758,9.59570312e-05,0.000145581055,0.000152399414,0.0002529375,0.000346507812,0.000195925781
7,0.000195367187,0.000109789062,0.000252887695,0.000111050781,0.000139556641,0.00026184082,0.000194144531,0.000372584961,0.000151325195
8,0.000208193359,0.000128529297,0.00030277832,0.000136977539,0.000166294922,0.000191543945,0.000236730469,0.000399729492,0.000188161133
9,0.000247,0.000144430664,0.000350668945,0.000139738281,0.000211731445,0.000216955078,0.000270947266,0.000548549805,0.000212280273
10,0.000329541016,0.000165844727,0.000404736328,0.000204888672,0.000251148438,0.000251487305,0.000309391602,0.000710098633,0.000680144531
11,0.000391831055,0.000197962891,0.00051128418,0.000202182617,0.000298785156,0.000308292969,0.000378632812,0.000701000977,0.000299555664
12,0.000429907227,0.000220386719,0.000499164063,0.000219427734,0.000322021484,0.000331586914,0.000432456055,0.000702859375,0.000323598633
13,0.000471148437,0.000221960937,0.000542518555,0.000210061523,0.000315670898,0.000334110352,0.000432592773,0.000783459961,0.000352363281
14,0.000507374023,0.000232459961,0.000581602539,0.000233151367,0.000342776367,0.00035927832,0.000483618164,0.000834207031,0.000403513672
15,0.00058378418,0.000248769531,0.000629219727,0.000245676758,0.000353688477,0.000389380859,0.000499560547,0.000883276367,0.000419254883
16,0.000635147461,0.000269871094,0.00066999707,0.000267160156,0.000383945312,0.000433682617,0.00055,0.000922063477,0.000461426758
17,0.000693185547,0.000286433594,0.000723978516,0.000289467773,0.000434063477,0.00045212793,0.000598700195,0.00104193457,0.000501293945
18,0.00076806543,0.000308866211,0.000757550781,0.000311428711,0.000480206055,0.000661725586,0.000647462891,0.00111881152,0.00055534082
19,0.000840576172,0.000332578125,0.000924944336,0.000329494141,0.000499160156,0.000648947266,0.000679195312,0.00119550586,0.000594206055
20,0.000922367187,0.000354208984,0.000867938477,0.000351138672,0.000525754883,0.000681771484,0.00077840625,0.0012401416,0.000639219727
21,0.00100252246,0.000380750977,0.00127190918,0.000378828125,0.000550180664,0.00071815918,0.000777336914,0.00131758496,0.00067890918
22,0.00108078223,0.000401048828,0.00133560352,0.000399163086,0.000579037109,0.000746132812,0.000823702148,0.00136300293,0.000811474609
23,0.00117445703,0.000423222656,0.00102172266,0.000435686523,0.000611249023,0.000841942383,0.000866445312,0.00144042676,0.000775363281
24,0.0012991748,0.000454726562,0.00108423926,0.000453076172,0.000666433594,0.000849029297,0.000925141602,0.00148131348,0.000837793945
25,0.00173185742,0.000483939453,0.00113307031,0.000482087891,0.000658950195,0.000879308594,0.00096205957,0.00156979395,0.000873859375
26,0.00147103027,0.000515142578,0.00117856055,0.000519509766,0.000827911133,0.000922791992,0.00102644336,0.0016319873,0.000922541992
27,0.0015338291,0.000539064453,0.0012234209,0.000543204102,0.000729415039,0.00100365039,0.00116994141,0.00172616602,0.000981426758
28,0.00164796289,0.000592236328,0.00126591016,0.000582664063,0.000753342773,0.00100139355,0.00110970703,0.00177480859,0.00103814746
29,0.00175964355,0.000610882813,0.00133629199,0.000617498047,0.000781988281,0.00108667383,0.0011725957,0.00184347852,0.00108901172
30,0.00185261426,0.000642179687,0.0013724209,0.00064737793,0.000827363281,0.0015979834,0.00122494824,0.00190540625,0.00114550684
31,0.00195965918,0.000682029297,0.0014305293,0.000675166016,0.000853342773,0.0011396875,0.00125730371,0.00195071387,0.00119826855
32,0.00208096289,0.000718261719,0.00147776758,0.000699674805,0.000871723633,0.00118978125,0.00131654395,0.00300118066,0.00127686523
33,0.00216477246,0.000740828125,0.00162153906,0.000796322266,0.00106161719,0.00122186914,0.00172603418,0.00228090527,0.00133381836
34,0.00233687402,0.000779555664,0.00160218555,0.000786329102,0.00107755176,0.00127505859,0.0014239209,0.00226050391,0.00138662695
35,0.00242100977,0.000812379883,0.00163958984,0.00082815918,0.0010998125,0.00132916992,0.0014683584,0.00233834082,0.00147831445
36,0.00290259961,0.000864339844,0.0017139248,0.000860021484,0.00377971973,0.00136838184,0.00186741699,0.00237696191,0.00151619922
37,0.00267313281,0.000897536133,0.00176746973,0.000894714844,0.00115392871,0.00141200195,0.00161141211,0.0024330957,0.0016115957
38,0.00284589355,0.000930485352,0.00183104395,0.000924102539,0.00149308301,0.00145905371,0.00164953906,0.00256845703,0.0016610791
39,0.00307713867,0.000979417969,0.00187711816,0.000973217773,0.00122174316,0.00151543848,0.00172169336,0.0025856582,0.00173138184
40,0.00304318652,0.00101410547,0.00193428418,0.00100987109,0.00124406836,0.00178521777,0.0017563623,0.00258712012,0.00190846191
41,0.0032246084,0.0013103418,0.0020077627,0.0010418623,0.0012972666,0.0016039502,0.00182321484,0.0026627207,0.00192919629
42,0.00333680371,0.00110155957,0.00204897754,0.0010826416,0.00199369727,0.00168465918,0.0018645752,0.00276617383,0.00194356543
43,0.00343350195,0.00118389648,0.00208002051,0.00112478125,0.00136423535,0.00169121484,0.00191958789,0.00285683691,0.00201012305
44,0.00360004297,0.00117647363,0.00219622559,0.00139006348,0.00138772949,0.00178349316,0.00197596387,0.00290909082,0.00212833203
45,0.00381656348,0.00146599121,0.00229945605,0.00120850977,0.00141057227,0.00185499023,0.00202247754,0.00298803906,0.00222129004
46,0.00387441309,0.00125952832,0.00227372656,0.00125943262,0.00146598926,0.00183993457,0.00211173535,0.00304214355,0.00223480273
47,0.00402489941,0.00131045801,0.0023351748,0.00130813281,0.00149817676,0.00189010059,0.00221095801,0.00347680566,0.00241779102
48,0.00418629102,0.00136768262,0.00239856836,0.00134427539,0.00159774414,0.00193190918,0.00227101172,0.00339532324,0.00240230176
49,0.00436043262,0.00140114844,0.00244689355,0.0021435957,0.00156718652,0.00204039648,0.00227993945,0.00355217578,0.00249983203
50,0.00450469727,0.00145046777,0.00251505859,0.00147078516,0.00159733984,0.00201922363,0.00231396191,0.0033324707,0.0025628457
51,0.00467080664,0.00172280273,0.00255210059,0.00147504297,0.00163988184,0.00208948926,0.00239456152,0.00343089941,0.00272297266
52,0.00481954687,0.00155075781,0.00261622168,0.00154723047,0.00173012109,0.00214637012,0.00242972168,0.00347821484,0.0027191543
53,0.00502328516,0.00159120898,0.00268698437,0.00225811621,0.00171840137,0.00217897656,0.0026152832,0.00356940039,0.00293557324
54,0.0071699375,0.0016457666,0.00287394824,0.00165167773,0.00174089941,0.00223252441,0.0025926582,0.00364265918,0.0052337793
55,0.00528635938,0.00168299805,0.00279325684,0.00167459277,0.00186957617,0.00229973535,0.00269293359,0.00371613086,0.00297845801
56,0.00551053125,0.00175519238,0.00286930762,0.0017233418,0.00183093066,0.00232647168,0.00267499512,0.00375433691,0.00323493848
57,0.00570386035,0.00178730176,0.00294162695,0.00186116406,0.00233054004,0.00239766406,0.00272450684,0.00395126563,0.0031579668
58,0.00585657324,0.00186446582,0.0029613252,0.00183175098,0.00192131738,0.00245140234,0.00283825781,0.00393937988,0.00379135449
59,0.00603503223,0.00190854395,0.00302612695,0.0019203418,0.00193397852,0.0025777207,0.00283832227,0.0040195625,0.00409688574
60,0.00622617383,0.00194455664,0.00309190527,0.00194602539,0.00204237109,0.00258619727,0.00297260547,0.0040455625,0.00346889355
61,0.00640405762,0.00201377539,0.00328524707,0.00200010156,0.00287775391,0.00259357812,0.00298528223,0.00412533496,0.0036364668
62,0.00726521094,0.00206429492,0.00322375879,0.00234888867,0.0033867334,0.00262888574,0.00306935742,0.00456194336,0.00365172266
63,0.00670251563,0.00210502344,0.00335124707,0.0037464668,0.00210570996,0.00269264062,0.00313650391,0.00424407031,0.00377304785
64,0.00780320703,0.00217318652,0.00332675195,0.00217994531,0.00214571094,0.00276336816,0.00314834375,0.00426559277,0.00385602734
65,0.00715027051,0.00222713086,0.00342277246,0.00274123828,0.00227839746,0.0028008584,0.00318732422,0.0044191748,0.00393993457
66,0.0101705322,0.0022969668,0.00345917676,0.00227533008,0.00233172852,0.0028446084,0.00328085547,0.00466206934,0.00430430566
67,0.00756301563,0.0023512002,0.00352747852,0.00232139648,0.00237027637,0.00301637988,0.00334470801,0.00469472363,0.0041367627
68,0.00907662695,0.00241247559,0.00357658008,0.00248775195,0.00240657031,0.0029609209,0.00346738379,0.0049654209,0.00438979688
69,0.00849605762,0.00321204785,0.00363990332,0.00246188477,0.00263835352,0.0031081416,0.00345959766,0.00490093262,0.00478526172
70,0.00830661523,0.00252306738,0.00373672461,0.00311200586,0.00350982812,0.00323584375,0.00354900684,0.00497725098,0.00450362207
71,0.00981917676,0.00259478223,0.00393695898,0.00259497461,0.00255468457,0.00312106152,0.00363548047,0.00554919238,0.00457615723
72,0.00881095605,0.00265847852,0.00383595898,0.0024374541,0.00257760645,0.00316973633,0.00364818945,0.00497739941,0.0047595791
73,0.00864295313,0.00273065723,0.00389451758,0.00246075781,0.00259698535,0.00326680859,0.00420744922,0.00507349512,0.00518298828
74,0.0105959873,0.00278819629,0.00396008301,0.00247094727,0.00264452734,0.00326527832,0.00390743262,0.00518112695,0.00485898633
75,0.0091932168,0.00285441797,0.00404901953,0.00249512988,0.00269844141,0.00330799023,0.003953625,0.00522049609,0.00499016797
76,0.00933358789,0.0028970625,0.00405769531,0.00255187891,0.0027225918,0.00380267871,0.0039026709,0.00533059473,0.00514205176
77,0.00976427246,0.00303003516,0.00415992871,0.00305190137,0.00278103125,0.00339907422,0.00400708301,0.0053539541,0.0052416123
78,0.00990187793,0.00307532031,0.00422328027,0.00261100586,0.00281620801,0.00348279102,0.00437249414,0.00540524707,0.00535390918
79,0.0112413369,0.00310889258,0.0043861123,0.00269742285,0.00286050293,0.00372178809,0.00459564453,0.00544237988,0.00545788477
80,0.0100703135,0.00320386914,0.00442257617,0.00272418262,0.00290791309,0.00360012891,0.00417333496,0.00583481445,0.00557748437
81,0.0114756904,0.00327516992,0.00443294824,0.0027933291,0.00299252441,0.00418404004,0.00448344238,0.00595635938,0.00664255762
82,0.0109526943,0.00335799414,0.00446884082,0.00281255176,0.00299565039,0.00366976855,0.00435348828,0.00572343555,0.00796393262
83,0.0107579766,0.00342180762,0.00454050293,0.00289966504,0.00304031445,0.00426652832,0.00436168848,0.00581378809,0.00596692187
84,0.0110640566,0.00345977832,0.00459729199,0.00289287109,0.00307910059,0.00387103027,0.00441676172,0.00608253418,0.0070524043
85,0.0112279863,0.00350537305,0.0046409082,0.00294288184,0.00314641211,0.00384909473,0.0044924502,0.00605056738,0.00620036328
86,0.0113825029,0.00368325781,0.004715,0.00423266211,0.00418200195,0.00599156055,0.00460632812,0.00695420117,0.00634086914
87,0.0116219707,0.00365749902,0.00489733301,0.00305058691,0.00322662402,0.00401982812,0.00463725391,0.00624026074,0.00643999316
88,0.0119113721,0.00373301367,0.00484678613,0.00307310059,0.00328021191,0.00538806445,0.00469030957,0.0062562334,0.00661035937
89,0.0122299863,0.00431951855,0.00494150684,0.00319799219,0.00361985938,0.0054812793,0.00479030176,0.00638075098,0.00669855859
90,0.0123906719,0.00390141602,0.00497210352,0.00315994629,0.00409476074,0.00415278223,0.0048870166,0.00676700391,0.00691269824
91,0.012550377,0.00402568457,0.00502168262,0.00320537207,0.00342243555,0.00436461426,0.00495828516,0.00647081152,0.00733531445
92,0.0134767158,0.00403435156,0.0051416416,0.0032895,0.00345209863,0.00421600293,0.00502310645,0.00651071191,0.00716337305
93,0.0130726377,0.00449273633,0.00720261914,0.00328188867,0.00350577148,0.00431165918,0.00538117871,0.00683837598,0.00723355371
94,0.0135562393,0.00435139746,0.00524244922,0.00368927637,0.00508342285,0.00442964844,0.00510403711,0.00942763574,0.00759797363
95,0.0142715547,0.00440958008,0.00533492285,0.00341818652,0.00360893164,0.0047555,0.00518003613,0.00691723437,0.00785950781
96,0.0143505693,0.00440858691,0.00535381445,0.00523659375,0.0036539043,0.0044582627,0.00523644727,0.00761510547,0.00927744434
97,0.0153534805,0.00458939648,0.00563907617,0.00347672168,0.00439211328,0.0045438584,0.00719899414,0.00688939258,0.0100535879
98,0.0144897412,0.00454528906,0.00549987305,0.00352446289,0.00379741113,0.00467705273,0.00542919629,0.00901707227,0.00797873828
99,0.0155446104,0.00457356738,0.00563420215,0.00359595703,0.00378406445,0.00463796973,0.00554436816,0.00754441504,0.00843946582
100,0.0164840664,0.00468645605,0.00564994238,0.0037241748,0.00384321973,0.00508223828,0.00551549414,0.00731866797,0.00871920801
101,0.0159832764,0.00476774023,0.00575697656,0.00361874219,0.00415774902,0.00490559766,0.0056223584,0.00748949707,0.0101050889
102,0.016942793,0.00482992676,0.00610356934,0.00538023633,0.00435317187,0.00523118848,0.00566844531,0.00733009473,0.0105561992
103,0.0161128994,0.00500511719,0.00696097949,0.00548109668,0.00912236621,0.0049550957,0.00612268262,0.00742244531,0.00890581152
104,0.0197813271,0.00524166504,0.00671623828,0.00392523145,0.00436377539,0.0053313916,0.00597462305,0.0104614355,0.0148302979
105,0.026857877,0.00687283496,0.0129599746,0.00396563867,0.00594408594,0.00588830273,0.0108337461,0.0138568838,0.0148735811
106,0.019865123,0.00867494434,0.00655001855,0.00420647949,0.00601354199,0.00657305371,0.00967886523,0.0103847539,0.0160946807
107,0.0285071924,0.00975699316,0.01101146,0.00984135937,0.00794333203,0.0152242734,0.0098586543,0.0100496973,0.0189260732
108,0.0209501895,0.00592840625,0.00975286816,0.00551902246,0.00676855664,0.00754552832,0.0101210645,0.00856009961,0.00987098437
109,0.0198589365,0.00623151758,0.00724659766,0.00536863281,0.00496569727,0.00526639355,0.00628448633,0.00929325,0.0128546855
110,0.0201850908,0.00815088672,0.00653369922,0.00419771094,0.00879267676,0.00545869824,0.00666854492,0.00804622559,0.0121949365
111,0.0199720273,0.00599174414,0.00674630078,0.00609060352,0.00472489746,0.0054314873,0.00669120996,0.00812496582,0.0112906006
112,0.0220776055,0.00586878223,0.00824020801,0.00465718457,0.00559971484,0.00608495312,0.00650528418,0.00807429883,0.0101923379
113,0.0233219297,0.00787592383,0.00728750684,0.00440850488,0.00583356348,0.00547444922,0.00739385547,0.0119961982,0.0119027725
114,0.0189133828,0.00655825684,0.00713282715,0.0046247373,0.00588574414,0.00577944727,0.00681500098,0.00874436719,0.0122492734
115,0.0198530664,0.00628260742,0.00785350781,0.00454448047,0.00631109961,0.0083616377,0.0074193584,0.0108775166,0.0151175605
116,0.0229074277,0.00717056641,0.00750385937,0.0057356709,0.00476573242,0.00676278223,0.00688025,0.00945672754,0.0124031777
117,0.0216661201,0.00741501758,0.00798246191,0.00581322949,0.00488912988,0.0070974834,0.00708762891,0.00915844824,0.0132514678
118,0.0236839277,0.00858779004,0.00906459473,0.00529923242,0.00566828027,0.00609814062,0.0126141504,0.00903853711,0.0160243887
119,0.0204706621,0.00681169043,0.00722681445,0.00474123926,0.00653840234,0.00645772656,0.010478667,0.0115650869,0.0131961826
120,0.0217855977,0.00749812109,0.00770445605,0.00515922461,0.00634388867,0.00642786914,0.00752915137,0.0118458691,0.0119662129
121,0.0231907266,0.00690072949,0.00748084082,0.0047245918,0.00649772949,0.00689373242,0.00785758789,0.0123370498,0.0130488486
122,0.0270141396,0.00816056152,0.00899940039,0.00622954395,0.00506333105,0.00622558301,0.00881957129,0.0121920742,0.0139984883
123,0.0258908496,0.00860975098,0.0082251084,0.00533841406,0.00611029395,0.00691956836,0.00772775684,0.0101306377,0.0122025908
124,0.0259149414,0.00852250488,0.0111509531,0.00488860547,0.00702692187,0.00657070508,0.00733374219,0.0118845674,0.0178637773
125,0.025241335,0.00822731641,0.00961853516,0.00562938672,0.0053603457,0.00624451855,0.00858329297,0.0127166201,0.0127070361
126,0.0250528496,0.00775107129,0.00739993164,0.00627804687,0.00524071777,0.00639439844,0.00834510742,0.0113323701,0.0125168174
127,0.023382877,0.00783233691,0.00765540723,0.00819360156,0.0061281377,0.00647989355,0.00745267187,0.0110946377,0.0126066494
128,0.0245855371,0.0101275576,0.00797258789,0.00502228906,0.00578682324,0.00755110352,0.00785685547,0.00947744043,0.0150460332
129,0.0303854941,0.00786808691,0.0100248037,0.00628325684,0.00588243652,0.00783872363,0.00886205664,0.0102349834,0.0148974219
130,0.0242857891,0.00791774609,0.00867532715,0.00549395898,0.00586675586,0.00743265137,0.00883343359,0.0108256123,0.014508751
131,0.0240664121,0.00890491211,0.0109100703,0.0051746748,0.0107310322,0.00723658398,0.00784017969,0.00995057715,0.014313291
132,0.0261363809,0.00802279395,0.00966919043,0.00621727441,0.00625825391,0.00679865527,0.00800841504,0.0113327471,0.0136218291
133,0.0244904307,0.00921212793,0.00821721094,0.00542003613,0.0140218857,0.00826684082,0.00802972754,0.010104877,0.0145274063
134,0.0297786309,0.00812915918,0.00836738281,0.00530734863,0.00717851367,0.0067547998,0.00860563574,0.0108389805,0.0141083086
135,0.0264999355,0.0082986377,0.00971917383,0.00545652051,0.00852620801,0.00765655566,0.00796873633,0.0110942539,0.0145883086
136,0.031387123,0.00984732617,0.010222709,0.00555035742,0.00623833496,0.0075589834,0.00869157129,0.0104413008,0.0184657764
137,0.0275842129,0.0084811543,0.00885139258,0.00615100781,0.00697127148,0.00702495801,0.00820690918,0.0110926533,0.0153968408
138,0.0284438711,0.00859646289,0.00827379102,0.00562564551,0.00625588086,0.00702481348,0.00825405957,0.0106136787,0.0144225312
139,0.030526958,0.00969315625,0.0084654707,0.00956726953,0.0071656377,0.00782288574,0.00886027051,0.0125612637,0.015468833
140,0.0304889189,0.00873373828,0.00881013086,0.00935640625,0.00631922363,0.00713048242,0.00840468066,0.0110181309,0.0166576279
141,0.0286817158,0.0102326582,0.00845885645,0.00583992871,0.0065222959,0.00784777734,0.00855321387,0.0113196357,0.015439833
142,0.0277201025,0.00915779492,0.00914714355,0.00603379687,0.0070792793,0.00738969531,0.00903914648,0.0111261104,0.0158052764
143,0.0282302793,0.0114577725,0.00904060937,0.00726478809,0.00689620703,0.00740743359,0.0100600127,0.0114409912,0.0153146787
144,0.0280967344,0.00932355273,0.00885592773,0.00602993652,0.00711559473,0.00747181738,0.00941932129,0.0114734814,0.0171773506
145,0.0286061162,0.0101127969,0.00875867969,0.00594777246,0.00666607227,0.0075955127,0.00906183887,0.0122280869,0.0157363682
146,0.0293073994,0.0102698672,0.00888043359,0.00732303906,0.00882950586,0.0078985498,0.00889649512,0.0122595107,0.016266334
147,0.0293718955,0.00986235449,0.0096066582,0.00601108594,0.00682766895,0.00834517676,0.0103656758,0.0111395479,0.0162850107
148,0.0301144727,0.00986546094,0.00895222363,0.00739152637,0.00783893555,0.00791863574,0.00904573047,0.0110608623,0.0173216484
149,0.0296948408,0.0111780537,0.00917194531,0.00645507715,0.00691606152,0.00769386133,0.00901366113,0.0115404629,0.0177558135
150,0.0303247812,0.010251377,0.0101171543,0.00617762012,0.00728113477,0.0078064375,0.00925535645,0.0129488018,0.0181879883
151,0.0352328057,0.0106553262,0.00949698828,0.00639389062,0.00821066113,0.00831224023,0.0092075918,0.0123131113,0.017145627
152,0.0318478281,0.0105062188,0.00944515332,0.00645195117,0.00719117578,0.0079297334,0.00988363477,0.0118119297,0.0207978379
153,0.033140915,0.0103122783,0.0115759766,0.00632880469,0.00717950391,0.00782120801,0.0100972422,0.0119023691,0.0188912715
154,0.0320690518,0.0110892227,0.00962995508,0.00638365527,0.00782891406,0.00790862988,0.0103816123,0.0124078516,0.0191034248
155,0.0324587021,0.0110875322,0.0109260068,0.00778538379,0.0074165332,0.00819396582,0.0104313086,0.0128011094,0.0194227939
156,0.0314955732,0.0111897715,0.00983449707,0.00696312305,0.00840165234,0.011317334,0.0109433193,0.0117741113,0.018480584
157,0.0345330908,0.011067877,0.00989082422,0.0105045654,0.00772625,0.00846530273,0.0103358086,0.0158990742,0.0186556064
158,0.0330580488,0.0112152646,0.010738459,0.00726791895,0.00759078027,0.00875588086,0.010085457,0.012985749,0.0215605137
159,0.0332920166,0.011950752,0.0100179932,0.00704614062,0.00761564258,0.00889305762,0.0107551592,0.0119866816,0.0202414063
160,0.0333114561,0.0140007783,0.0101123896,0.00681894727,0.0082008916,0.00893685742,0.00983948437,0.0138423135,0.0192765283
161,0.0344832959,0.0113913271,0.00993502637,0.0074923291,0.00774714844,0.00870116797,0.00998618555,0.0128870361,0.020128498
162,0.035822873,0.0114599658,0.0112554463,0.0068220293,0.0085610625,0.00839239746,0.0103518398,0.0129220146,0.0193628965
163,0.0353161533,0.0129753438,0.0102137559,0.00694456641,0.00779222852,0.00865892578,0.0120148779,0.012335251,0.020837165
164,0.0346680615,0.0124392383,0.0103847295,0.0069251543,0.00790661328,0.00850713477,0.0108130479,0.013058709,0.0200025371
165,0.0373597734,0.0129279355,0.0115851191,0.00705150977,0.00795255762,0.00860534668,0.0104861113,0.0127944893,0.0205534336
166,0.0369437393,0.0125903174,0.0102786748,0.00765185938,0.00799132715,0.00910840625,0.0104041982,0.0143191777,0.0205215332
167,0.0372869932,0.0131285605,0.0108051006,0.00738574707,0.00806191699,0.00894116797,0.0109259736,0.0129933945,0.0204741514
168,0.0391485723,0.0132493857,0.0106603525,0.00717682031,0.00809070801,0.0104975127,0.011029833,0.013763458,0.0212711719
169,0.037916415,0.0146233594,0.0127302432,0.00728653809,0.00812203125,0.00902682812,0.0109202891,0.0132258965,0.0214816113
170,0.0413823057,0.0151529814,0.0105291025,0.00730046484,0.00853766895,0.00961864746,0.0106589609,0.0137142969,0.0224625645
171,0.0385364521,0.0126787588,0.0120663457,0.00908474316,0.00876206641,0.00984606836,0.0114755039,0.0132152871,0.0223654443
172,0.0441808203,0.0148397637,0.0107841064,0.00722614648,0.00854370312,0.00907997266,0.0117485332,0.0131102871,0.022034915
173,0.0393817793,0.0137274111,0.0114776836,0.00823729004,0.0095590752,0.00939740332,0.0108407402,0.0136783516,0.0233630859
174,0.0403022744,0.0139183857,0.0125704971,0.00732860254,0.0107997842,0.00933904687,0.0109114756,0.0132872988,0.0235762783
175,0.0397402354,0.0131880137,0.010929124,0.00888524414,0.010616502,0.00980352539,0.0114032676,0.0145166006,0.0228959531
176,0.0409819297,0.013411292,0.0118340723,0.0108499619,0.0085391377,0.00932291406,0.0118737852,0.0146163027,0.0229149688
177,0.0403082842,0.0151130459,0.011983167,0.00981300391,0.00874112207,0.0104373281,0.0120841094,0.0143265537,0.0235397461
178,0.040734499,0.0137986211,0.0112241211,0.00810566016,0.0088456748,0.00942680273,0.0116652979,0.0140583662,0.0269762783
179,0.0410818135,0.0149245918,0.0115471943,0.00765004004,0.00963870215,0.0104556104,0.0116639561,0.0137275635,0.0231524258
180,0.0407931807,0.014335208,0.0115286895,0.0082539541,0.00970854199,0.00953997461,0.012434915,0.0137431924,0.0239037764
181,0.0414820889,0.0143759375,0.0126785283,0.00799893359,0.00895090723,0.010547082,0.013675748,0.0144515557,0.0240546035
182,0.0420046563,0.0150076572,0.0151574072,0.00788563281,0.00898138184,0.0107991699,0.0121124775,0.0148061191,0.024903585
183,0.0413604014,0.0143352402,0.0124203242,0.00886214063,0.00932749805,0.00975406445,0.0116928213,0.0141496992,0.0246836943
184,0.043143501,0.0143755947,0.0116532803,0.00791940137,0.00932743945,0.00975175488,0.0122993838,0.0143651816,0.0241314922
185,0.0449338867,0.0147801816,0.0122559521,0.00803202539,0.00938328809,0.0104500967,0.0120853311,0.014861917,0.0257758887
186,0.0471114766,0.0146159268,0.0116634893,0.00793285156,0.00935883691,0.00999210547,0.0120842109,0.0142266836,0.0264721611
187,0.0437921992,0.0148030752,0.0118088525,0.00801549121,0.0107159541,0.0114309775,0.0119655059,0.0143243457,0.0249187422
188,0.0437455615,0.0158104883,0.0119911045,0.0118085928,0.0100825547,0.0101592705,0.0121347197,0.0148232588,0.0250467373
189,0.0451954229,0.0153189609,0.0121852959,0.00920587305,0.0101883398,0.0107744785,0.0120347148,0.0159160361,0.0275832285
190,0.045364835,0.0162957354,0.0119717852,0.00832480566,0.00948224023,0.0104699521,0.0134185313,0.0154180879,0.0254875381
191,0.0454121338,0.0154957881,0.0126911357,0.00830220312,0.00956096094,0.0104440098,0.0128653164,0.0152196768,0.0263628408
192,0.0457340693,0.0165956768,0.0121492842,0.00837000977,0.00989706055,0.0113455967,0.0124102559,0.0148367959,0.028632585
193,0.0479219316,0.0158435586,0.0122327461,0.00997574512,0.00998298047,0.010303834,0.0125263555,0.0158409492,0.0263931738
194,0.0476134551,0.0159534385,0.0121955498,0.00834425781,0.00984772559,0.0108506387,0.0134797285,0.0172574961,0.0268028486
195,0.0467861934,0.0161226914,0.0128573301,0.00844993359,0.00996087402,0.010567708,0.0125068457,0.0171039834,0.028463166
196,0.0508931602,0.0163187012,0.0125262168,0.00860383496,0.0100012412,0.0114130566,0.0132535107,0.0150580703,0.0270520742
197,0.0496255273,0.0163285449,0.0154617266,0.00868496777,0.00998869043,0.0105594512,0.0141343613,0.0154518193,0.0282495674
198,0.0479570791,0.0166617383,0.0126077061,0.00886932324,0.0104099697,0.0107000518,0.0135873223,0.0157348955,0.0278022148
199,0.0520175127,0.0168272148,0.0127907002,0.00949909766,0.0108742637,0.0108108857,0.0128675566,0.0154228203,0.0282891729
200,0.0500774717,0.0167984658,0.0132163721,0.0087527168,0.0102072256,0.0109644717,0.0133906631,0.0158707617,0.0294849287
201,0.0519383574,0.0171718809,0.0129083164,0.00940593164,0.0109147715,0.010890041,0.013087124,0.0156256592,0.0293639824
202,0.0516756611,0.0176606934,0.0131312578,0.00902007617,0.010821749,0.0109064707,0.0131608936,0.0161895615,0.028645502
203,0.0495649258,0.0177750566,0.0129955352,0.00904724609,0.0103542734,0.0115410977,0.0150449102,0.0159881094,0.0288799756
204,0.0522673955,0.0178020625,0.0136624561,0.00931165039,0.010580002,0.0112884297,0.0133636406,0.0159384854,0.0293608135
205,0.0516487119,0.0186667432,0.0138373564,0.00981692285,0.0111677031,0.011528375,0.013282707,0.018837875,0.0296039297
206,0.0522112695,0.018652084,0.0132482021,0.00917050781,0.010848,0.0111438232,0.0135539453,0.0167435615,0.0296219268
207,0.0523344473,0.0181754678,0.0133933555,0.00908783008,0.0123102197,0.0117088857,0.0136919902,0.0162294629,0.0306472139
208,0.0542088848,0.0184472363,0.0151543545,0.00940620996,0.0107571309,0.0113362656,0.0140353604,0.0165879102,0.0321083301
209,0.0527712832,0.0186542871,0.0134549141,0.00939911621,0.0121325137,0.0114454062,0.0137322227,0.016905291,0.0318361016
210,0.0528505342,0.0194655264,0.0144827373,0.00935117188,0.0110379346,0.0121003838,0.0140841445,0.0166153525,0.0305303418
211,0.0543914971,0.0190430498,0.0143561016,0.00936261914,0.0110464658,0.0117346973,0.0152162607,0.017277374,0.030868625
212,0.055617665,0.0191849424,0.0137392227,0.00956937109,0.0119753906,0.0116379238,0.0153180527,0.0170920176,0.0318299395
213,0.0576686348,0.0210399512,0.0136062129,0.00938653516,0.0124254717,0.011598,0.0140185098,0.0172281006,0.0339219971
214,0.0547988291,0.0192500283,0.0148149717,0.00959701367,0.0113129629,0.0124191084,0.0160868818,0.0171042686,0.0322719648
215,0.0566554424,0.019767666,0.0141027334,0.00961827051,0.0123171426,0.0121119678,0.0141640732,0.0178193887,0.0323983018
216,0.0568378604,0.0194314912,0.0141870205,0.00966312695,0.0114515977,0.0120994258,0.0165561475,0.0169515166,0.0328780586
217,0.0555867344,0.0198798867,0.0139151689,0.00964188281,0.011446873,0.0120048379,0.0143865488,0.0169098389,0.0348151543
218,0.0564468018,0.0197684385,0.0148738896,0.00988033496,0.0118672021,0.0123080342,0.0143350088,0.017252627,0.0330861426
219,0.0577513174,0.0204189551,0.0148138008,0.0100999453,0.0124804785,0.0124542773,0.0144415342,0.0170884404,0.0341571641
220,0.0591756602,0.0200006455,0.0144369844,0.00995302832,0.0117811748,0.0131773896,0.0144484805,0.0172378213,0.0332199326
221,0.0581601318,0.0208419395,0.0146831582,0.0107531758,0.0121462783,0.0120651885,0.0146119814,0.0177312852,0.0334409053
222,0.0587653828,0.0211838252,0.0143411045,0.00998868652,0.011822999,0.0136231162,0.0150802051,0.0172104873,0.0339304375
223,0.0595253984,0.0231665996,0.0145510176,0.010932167,0.0119970469,0.0124687354,0.0150904775,0.0174919277,0.0357887783
224,0.059384123,0.020848209,0.0146280234,0.01056746,0.0139711289,0.0122674814,0.015285292,0.017733584,0.034972418
225,0.0593884463,0.0219863506,0.0150535391,0.0100187568,0.0120866553,0.0124491895,0.0150017324,0.0176743867,0.0356385127
226,0.0622900352,0.0212598535,0.014755959,0.0129639609,0.0126003486,0.0124958408,0.0149946768,0.0175841992,0.0349708506
227,0.061000376,0.0216816621,0.0154051289,0.0109896289,0.0127387246,0.0126777344,0.0156027295,0.017806707,0.0350405117
228,0.0616723516,0.0213331963,0.0148036777,0.0102503232,0.012564167,0.0129293799,0.0153288496,0.0190952344,0.0363362119
229,0.0610973408,0.021941124,0.0155709004,0.0102926465,0.0123190781,0.0127010547,0.0152476182,0.0178746777,0.0362532568
230,0.061211585,0.0217920889,0.0163062988,0.0104511191,0.0124657813,0.0134224004,0.016785832,0.0182714063,0.0371677588
231,0.0634821162,0.0220935664,0.014989834,0.0111840479,0.0124777734,0.0134174668,0.0159284756,0.0185354424,0.0365804014
232,0.0631199746,0.0241552813,0.0152040303,0.0104478076,0.0127562607,0.0131306904,0.0159434502,0.0187348047,0.0366708174
233,0.0659952646,0.0230640713,0.0150770967,0.010980873,0.0126346006,0.0128718945,0.0158333818,0.0184263574,0.0382817988
234,0.0635818271,0.0225818574,0.0154060234,0.0118815352,0.0127976084,0.013177043,0.0158356455,0.0184138389,0.0410761562
235,0.0651716152,0.023404875,0.0173603174,0.0106383311,0.0128254307,0.0130452334,0.0178160645,0.0190478984,0.0380378984
236,0.0655471924,0.0244766826,0.0160557295,0.0109769502,0.0136383135,0.0132540273,0.0158207266,0.0188554883,0.0381739336
237,0.0648177471,0.0230657207,0.015567957,0.0109266865,0.0129441826,0.0136996152,0.0158551299,0.018856499,0.0412554727
238,0.0675880244,0.0231144072,0.016269542,0.0113737471,0.0131274658,0.0138015205,0.0179556133,0.0191071875,0.0392901387
239,0.065929127,0.0237304297,0.0155677217,0.0110084873,0.013691376,0.0142276455,0.0163995977,0.0188990371,0.0389375244
240,0.0685562783,0.0242061055,0.0159191533,0.0109620664,0.0131394297,0.0138567607,0.0171648457,0.0195843516,0.0405911533
241,0.0671213779,0.0238295381,0.0158060791,0.011328002,0.0136679189,0.013348541,0.0162686494,0.0192128145,0.0415449336
242,0.069366751,0.0239127969,0.0157533389,0.0110607832,0.0135290898,0.0146993965,0.0174744072,0.0190967051,0.0418207236
243,0.0699265791,0.0239809219,0.0160852344,0.0112614121,0.0138509658,0.0135763047,0.016369457,0.0201222344,0.0397572969
244,0.0690582061,0.0270318164,0.0161568379,0.0111795127,0.0153796846,0.0136102266,0.0171465566,0.019188082,0.0427210391
245,0.0724769883,0.0246675068,0.0160284326,0.0111501367,0.0140641475,0.0136758096,0.0165430537,0.0200030986,0.0433611426
246,0.0701528672,0.02486079,0.0162461064,0.011211373,0.0141723945,0.0141057861,0.0171500518,0.0193864375,0.0413827676
247,0.0696698438,0.0260101758,0.0161090938,0.0115086611,0.0141013242,0.0146159189,0.0166357266,0.0202688574,0.0432725947
248,0.0727256182,0.0250051592,0.0164027412,0.0114506992,0.0138465391,0.0143922871,0.0169233994,0.0196535371,0.0424993428
249,0.0714460742,0.0268850898,0.0165656807,0.0123462314,0.0149387412,0.0141600879,0.017093582,0.0196619727,0.0443961484
250,0.0750775996,0.0265718184,0.0163792275,0.0116151846,0.0140822178,0.0139535811,0.0170768389,0.0206578955,0.0423915283
251,0.0726462891,0.0256938311,0.0166458223,0.0115425332,0.0141138691,0.0141728359,0.016944416,0.0210534746,0.0421649795
252,0.0736222695,0.0272301104,0.0165343682,0.0115574785,0.0142196348,0.0141099512,0.0194062959,0.0200643262,0.0431809902
253,0.0732247432,0.0261246494,0.016618877,0.0117488896,0.0141905674,0.0144143975,0.0171103057,0.0212704385,0.0430467363
254,0.0742180117,0.0262021602,0.0169789648,0.0129262676,0.0152549805,0.0144114707,0.0171796094,0.0199050332,0.0438703076
255,0.0756225615,0.0266535596,0.0168687305,0.0119782588,0.0145063516,0.0152176387,0.0203471543,0.0205362861,0.0450668574
256,0.0749534014,0.0265325508,0.0169478027,0.0118046621,0.0144509063,0.0147726592,0.0173266758,0.0202183086,0.0445079082
257,0.0754445195,0.0274666865,0.0180223389,0.0118505303,0.0132576914,0.0147674248,0.0175648506,0.0201290293,0.0445091592
258,0.0758377012,0.0270452598,0.0170364219,0.0123631943,0.0132399219,0.01531229,0.0180667246,0.0207745088,0.0451830801
259,0.0776774629,0.0273097139,0.0188207051,0.0119927217,0.0135904902,0.015616459,0.0181414883,0.0217100937,0.0455852285
260,0.0772658613,0.0279586465,0.0174306875,0.0120734785,0.0132425361,0.0146983955,0.0177814951,0.0210215742,0.0460890752
261,0.0779158301,0.0277889111,0.0178794746,0.012226833,0.0134712139,0.0148636973,0.0179087197,0.0210548193,0.0451354385
262,0.0798716826,0.0281276797,0.0174735635,0.012251918,0.0141214541,0.0148446484,0.0179666396,0.021010502,0.0477206777
263,0.0790197559,0.0282999238,0.0179158398,0.0126298643,0.0135184434,0.0155482656,0.0179007002,0.0224965781,0.0464904326
264,0.0790913076,0.028322835,0.0176475977,0.0123956504,0.0135134414,0.0150663418,0.0193141777,0.0211211885,0.0461369404
265,0.0793060605,0.0288880557,0.0190452227,0.0123531875,0.0136917021,0.0155731904,0.0181464502,0.0211972422,0.0490003604
266,0.0802056553,0.0285040791,0.0178403262,0.0123272021,0.0137411445,0.0192906436,0.0186215166,0.0215090029,0.0477244365
267,0.080563832,0.0287129561,0.0179172891,0.0125822285,0.0143174697,0.0152225068,0.0182461104,0.0215324512,0.047529959
268,0.0815056406,0.029867126,0.0185639541,0.0124709795,0.0143656484,0.0152511943,0.0194452188,0.0238419316,0.0476108428
269,0.0842151553,0.0303330713,0.0189410156,0.0124665967,0.0144014795,0.0163313477,0.0195791396,0.0217097383,0.0485228965
270,0.0819152539,0.0294876553,0.0200858691,0.0128664668,0.0149100264,0.0166983975,0.0194738252,0.0218493193,0.0483022178
271,0.0830277832,0.0302150137,0.0182526563,0.0127614453,0.0141017764,0.0154635361,0.01871521,0.0218803057,0.0509411035
272,0.0854835381,0.0300705977,0.0192273242,0.0126918936,0.014167751,0.0163780869,0.0191616348,0.0218233457,0.0495588184
273,0.0859035859,0.0304535703,0.0194146963,0.013052917,0.0146813301,0.0160661455,0.0188501338,0.0222384639,0.0497287021
274,0.0842403447,0.030491498,0.0185376279,0.0133493613,0.0143904775,0.0157708955,0.0192000576,0.0233164482,0.0500812412
275,0.0890511328,0.0309410664,0.0189414775,0.0131034736,0.0144427559,0.015769875,0.0203832061,0.0232685996,0.0526665332
276,0.0866907979,0.031708582,0.0195754297,0.0129984961,0.0148622529,0.0160903242,0.0190625703,0.0223080078,0.0504360615
277,0.0885147275,0.0308950273,0.019471627,0.0130369033,0.0146410996,0.0168736279,0.0191956279,0.0226469277,0.0514076758
278,0.0878613789,0.031572374,0.0188105449,0.013042874,0.0157965361,0.0159229912,0.0203311221,0.023533582,0.0528503359
279,0.0889648467,0.0322652666,0.0189580498,0.0137083662,0.014630875,0.0162496738,0.0196450518,0.0227317285,0.0511448389
280,0.0878120029,0.0314658164,0.0190677188,0.0138412031,0.0147081777,0.0169701855,0.0195732803,0.0232206309,0.0515236299
281,0.0894446074,0.0317139063,0.0198168594,0.0132518037,0.014715001,0.018194459,0.0209691367,0.0234386533,0.0530045469
282,0.0898320869,0.0319816436,0.0192281221,0.01342604,0.0150862373,0.0195948672,0.0195793213,0.0228538018,0.0523787793
283,0.0894791309,0.0334894717,0.0193150391,0.0133501191,0.0153956758,0.0178779707,0.0197419795,0.0231040332,0.0534052158
284,0.091338333,0.0331310732,0.0194530791,0.0134100986,0.015353957,0.0169385479,0.0198013711,0.023575416,0.0534252676
285,0.0916804658,0.0363079961,0.0192772529,0.0145712705,0.0158799736,0.0185248584,0.0197231221,0.0230669785,0.0545544531
286,0.0925199072,0.0357963662,0.01945929,0.014769541,0.0151850791,0.0163928506,0.020744002,0.0235781055,0.0546629492
287,0.0914698633,0.0366207549,0.0200985889,0.0140739082,0.0153006582,0.0166817754,0.0198538867,0.0238116416,0.0569787217
288,0.0948233496,0.033321293,0.0203594092,0.0137772197,0.0154278721,0.0166309199,0.0206387803,0.0239105937,0.0562572021
289,0.0956920059,0.0334169404,0.0201892158,0.0144258008,0.0153165459,0.0173237764,0.0206535762,0.0253383818,0.055094416
290,0.0950666357,0.0352972617,0.020130126,0.0138731357,0.0153361143,0.0167863311,0.0201216807,0.0244726006,0.0562520947
291,0.0956672773,0.0357907363,0.02285904,0.0157215176,0.015656626,0.0178446377,0.0211764932,0.0234814199,0.0561722656
292,0.095988542,0.0345720186,0.0201912549,0.0149361699,0.0164115459,0.0172035928,0.0214632207,0.0243207197,0.0568158975
293,0.0971922871,0.0376417881,0.0200485566,0.0140429951,0.0161227812,0.0180109219,0.020880791,0.0245172021,0.0571526924
294,0.0997976045,0.0369171152,0.0209013164,0.0142234365,0.0161422949,0.0177837031,0.0218579863,0.0245117676,0.0596989141
295,0.0988419951,0.0349611445,0.0205001465,0.0143142129,0.0162319551,0.0173640937,0.0214356445,0.0244669971,0.058637248
296,0.098659208,0.037155208,0.021779374,0.0151917021,0.0161370283,0.0175387402,0.0213212725,0.0275097861,0.0570645361
297,0.0998315127,0.0388317344,0.0219275254,0.0145400195,0.0162452686,0.017963293,0.0208936143,0.0244128428,0.0592882139
298,0.102084851,0.0359772061,0.0226026035,0.0141335469,0.0160347324,0.0189958486,0.0213824043,0.0246664971,0.0582080381
299,0.0999694541,0.0360507744,0.021248875,0.01444621,0.0161769795,0.0179659912,0.021123583,0.0243146064,0.0588502432
300,0.0996741592,0.0362532256,0.020796958,0.0144247402,0.0164473643,0.0213996611,0.0210867939,0.0250830615,0.0591407715
301,0.09933125,0.0361315967,0.021337876,0.0145353457,0.0166801582,0.0175956152,0.0240353965,0.0246017656,0.0592271924
302,0.102271986,0.036287751,0.0207979658,0.015043374,0.016416709,0.0177298457,0.021140292,0.0276309512,0.060441832
303,0.1017847,0.0366585156,0.0209080439,0.0145509668,0.0164021094,0.018014334,0.0221924453,0.0246216084,0.0609110215
304,0.106097859,0.0372993291,0.0213100508,0.0167035518,0.0168179131,0.0180884365,0.0215734336,0.0250013115,0.0637543223
305,0.103788456,0.0369273408,0.0213762959,0.0147252334,0.0171252295,0.0185852246,0.0222544727,0.0263884141,0.0619302324
306,0.102488206,0.0377057949,0.0211209287,0.0147203389,0.0176486963,0.0181796367,0.0215356641,0.0249482637,0.0611681855
307,0.104420604,0.0380137871,0.0210643027,0.0148533906,0.0169296377,0.0178425264,0.0216941797,0.0258557939,0.0613646016
308,0.105598625,0.0376403311,0.0212429746,0.0148040449,0.0169241953,0.0179093506,0.0216397881,0.0250346035,0.0617172393
309,0.107266674,0.0400566738,0.0223081396,0.0168910645,0.0169014512,0.0185813789,0.0221482451,0.0254648457,0.0648110859
310,0.106255511,0.0380836416,0.0214118379,0.0157661523,0.0170420791,0.0182786123,0.0219759717,0.0255049795,0.0641423936
311,0.105388065,0.0404155869,0.0215778105,0.0152199795,0.0171071709,0.0191829951,0.0221937539,0.0255151045,0.06330804
312,0.107457416,0.0382150029,0.0215101455,0.0149941162,0.0170431465,0.0183614746,0.0227557676,0.0252494209,0.0632384951
313,0.109451958,0.0392111963,0.0218019941,0.0151295645,0.0180515586,0.0183332588,0.0222030801,0.0253531934,0.0644689111
314,0.108394984,0.0395316016,0.0231915557,0.0151576494,0.0178074326,0.0189276016,0.0221296865,0.0264826182,0.064033502
315,0.113025229,0.039566,0.0220651836,0.0151783828,0.0175223896,0.0189373994,0.02249775,0.0255667959,0.0659837559
316,0.110701809,0.0394054941,0.0225903135,0.0152148574,0.0180967422,0.0185321436,0.0223596084,0.0256201836,0.064482376
317,0.110741715,0.0407232568,0.0218120869,0.0155282764,0.017557498,0.0194962002,0.0229092324,0.0257418623,0.0663814453
318,0.112358125,0.0401527412,0.0225913037,0.0162347773,0.0178797969,0.0195906641,0.0230272412,0.0255361924,0.0655627471
319,0.109798344,0.0402814697,0.0247750889,0.0154328037,0.0180269619,0.0190385137,0.0227180781,0.0259872383,0.0664617568
320,0.11270564,0.0414589014,0.0227775205,0.0154644404,0.0181519922,0.0189859844,0.0229117354,0.0263637246,0.0679105732
321,0.113344207,0.041064209,0.0238323994,0.0157669639,0.018092165,0.0192592422,0.0230325742,0.0271294521,0.0677367969
322,0.112524493,0.042074917,0.0230963926,0.0155826162,0.0186417402,0.0190266387,0.023444208,0.0269490566,0.0671510088
323,0.113140771,0.0424651895,0.0225707197,0.0157356152,0.0184592051,0.0195499463,0.0247299863,0.0263788184,0.0683007559
324,0.113640446,0.0428965811,0.0229144121,0.0161301914,0.0201683936,0.0191061572,0.0233793428,0.026218125,0.0702056475
325,0.115589493,0.0425514053,0.0225375225,0.0157402979,0.0183653027,0.0192611094,0.0233576826,0.027390748,0.0698857344
326,0.115706258,0.0417323662,0.0231734648,0.0160083838,0.0189367539,0.0213627266,0.0239537822,0.0262760869,0.0696370137
327,0.118416871,0.0431192363,0.0226581621,0.0166345723,0.0182978301,0.0196789072,0.0233733613,0.0265482959,0.0684383789
328,0.118804536,0.0432618906,0.0226724473,0.0161727705,0.0184339834,0.0201254414,0.0247566982,0.0274009971,0.0688682158
329,0.117799725,0.043668877,0.0228476396,0.0170049268,0.0191863545,0.0205833271,0.0255132539,0.0266261992,0.0702587959
330,0.118160618,0.0440170146,0.022827667,0.0161954375,0.0190299277,0.0200585107,0.0234574209,0.0270153057,0.0706211602
331,0.117614534,0.0426777588,0.0232033389,0.0160638535,0.018622874,0.0201012627,0.0235159678,0.0286268867,0.0706138936
332,0.119663007,0.0434030039,0.0230853525,0.0168918623,0.0191679092,0.0196416357,0.023700416,0.0273413291,0.0717561357
333,0.118540131,0.0452062305,0.0241171025,0.0163914707,0.0193019717,0.019958751,0.0237567734,0.0307320146,0.0711251484
334,0.127623543,0.0458878838,0.0235877705,0.0165630938,0.0201173203,0.0197774072,0.0248832002,0.0271680645,0.0719152002
335,0.121571709,0.0454328438,0.0236540098,0.0164742754,0.019021666,0.0197665,0.0239922217,0.0272728301,0.0735994609
336,0.121496146,0.0445050684,0.0233112432,0.016482666,0.0190055078,0.0254003926,0.0265579277,0.0273885205,0.0741872061
337,0.122518202,0.0449348965,0.0244328281,0.0172575615,0.0194542109,0.0213901807,0.0246754102,0.0275436562,0.0730283652
338,0.125706287,0.0470763145,0.0235991201,0.0164888857,0.0212271602,0.0201952246,0.0242910283,0.02817896,0.0730232705
339,0.129870688,0.0486533779,0.0234944541,0.0172758428,0.0194905732,0.0237215254,0.0244392939,0.029186292,0.0751977568
340,0.123781354,0.0456834092,0.0236890205,0.0167405869,0.0200949209,0.0202057178,0.0249721855,0.0291974102,0.0773177754
341,0.124396013,0.0453253564,0.024815458,0.0195208965,0.0194008701,0.0201227402,0.0248459121,0.029452334,0.0742948984
342,0.127335635,0.0477067412,0.0237275996,0.0175697158,0.0197756221,0.0203289502,0.0245233672,0.0284767275,0.0761353076
343,0.126607433,0.0460499414,0.024943335,0.0173545703,0.0204035459,0.0211479297,0.025129084,0.0290250342,0.0751754082
344,0.12723923,0.0464663818,0.0240092314,0.0169948623,0.0210955527,0.0206387764,0.0247341416,0.0300349961,0.0766253213
345,0.130047909,0.0470788174,0.024165001,0.0168721924,0.0198241592,0.0206408477,0.0247767881,0.0282862383,0.0760297832
346,0.130171289,0.0483612832,0.0243112988,0.0169532314,0.0196947051,0.0210086055,0.0252916816,0.0287643457,0.0759945977
347,0.128770903,0.046920126,0.0249163164,0.0169780449,0.0199709375,0.0211703174,0.0254923906,0.0285380107,0.0780205137
348,0.13065701,0.0479076504,0.0250152246,0.0170157109,0.0203333838,0.0206925586,0.0254220254,0.0310033437,0.0777873359
349,0.129898947,0.0476788096,0.0244050098,0.0171978115,0.0200971572,0.0207533916,0.0259963887,0.0286958115,0.0778198271
350,0.133532155,0.0504303955,0.0247572422,0.0175914121,0.0202975381,0.0221971895,0.0261731572,0.0294399668,0.0797584307
351,0.131643562,0.0484435391,0.024712916,0.0174005557,0.0202631172,0.021002082,0.0252274834,0.0291703828,0.0795203262
352,0.133744749,0.0489234307,0.0253073936,0.0174513105,0.0215376143,0.0223584482,0.0268855957,0.0291463135,0.078486833
353,0.136599664,0.049244376,0.0249832041,0.0180557295,0.0204544121,0.0220944326,0.0256794268,0.0296233311,0.0806449121
354,0.134742385,0.049151582,0.0254085293,0.0173955039,0.0218554844,0.0212694736,0.0264455342,0.0292306309,0.0815059375
355,0.13483608,0.0490936768,0.0249436162,0.0175738232,0.0213854385,0.0211476113,0.0255909746,0.0292012334,0.0828996396
356,0.135556811,0.0498956084,0.0256154932,0.0181439678,0.0217344072,0.0213684922,0.0257495713,0.0297460889,0.0802661279
357,0.13470136,0.0499991387,0.0264782002,0.0183564697,0.0207726016,0.0212966328,0.0257210859,0.0291707139,0.0820618232
358,0.137705127,0.0510955908,0.027194208,0.0184179912,0.0209614687,0.0220594873,0.0262129951,0.0293930518,0.0829639473
359,0.138828451,0.0509348506,0.0255675654,0.0177757334,0.0216454326,0.021906082,0.0268221914,0.029563585,0.0824648604
360,0.140894345,0.0515264834,0.0253300469,0.017763415,0.0209061074,0.0224640537,0.0265272432,0.0297907539,0.0823844883
361,0.140455387,0.0524687031,0.0258974551,0.0187201963,0.0211878271,0.0215116191,0.0262279375,0.0300084687,0.0830176484
362,0.140832298,0.0542766055,0.0255034199,0.0182547529,0.0213014297,0.0222246064,0.0270257715,0.0306831455,0.0843006963
363,0.139244901,0.0518064385,0.026206833,0.018105792,0.0212460703,0.0222629268,0.0270727988,0.0303728369,0.0835009238
364,0.142481863,0.0522968252,0.0255182168,0.018420958,0.0221700898,0.0226806904,0.0265777559,0.0303584912,0.0848761143
365,0.141883567,0.0526036445,0.0259456934,0.0184395186,0.0214802881,0.0222302344,0.0270138574,0.0299876104,0.0841207119
366,0.143489362,0.0523467197,0.0256003105,0.0181267734,0.0221435049,0.0218558672,0.0267071338,0.0319770674,0.0846181963
367,0.14228346,0.0558963525,0.0258041543,0.0187238369,0.0219562861,0.021979917,0.0265960742,0.0315901338,0.0849513369
368,0.142486305,0.0533150791,0.0259504697,0.0187415,0.0216649717,0.0225235117,0.0270594834,0.0330926191,0.0859502734
369,0.146888188,0.0529862266,0.026104707,0.0187225518,0.0220358096,0.0226143184,0.027489585,0.0303992646,0.0863070547
370,0.149909912,0.0540337227,0.0269837998,0.0196656494,0.022510165,0.0221630723,0.0269229385,0.0303947559,0.0869197139
371,0.147274498,0.0542188232,0.0263802324,0.0192500693,0.0219792422,0.0226543545,0.0290774746,0.0306475605,0.0881301914
372,0.149079228,0.0537588936,0.0269813682,0.0184727393,0.022183375,0.0223588691,0.0270826045,0.0308010107,0.0889426484
373,0.149668102,0.0548047461,0.0263654941,0.0190863916,0.023115126,0.0231364238,0.0279133105,0.0305927549,0.0874852334
374,0.149795017,0.0552453428,0.0265572461,0.0187380107,0.0222508203,0.0237096621,0.0276301309,0.0305748096,0.0887016709
375,0.15126244,0.054606623,0.0264474648,0.0186396553,0.0221293281,0.0226544072,0.0277390557,0.0312257432,0.0917420605
376,0.149734021,0.0561600361,0.0289455889,0.0189264629,0.0223578457,0.0230556406,0.0283241904,0.0314955508,0.0885121875
377,0.149043459,0.0547269697,0.0267592227,0.0190993721,0.0252291045,0.0240479453,0.027559624,0.0316456133,0.0911668662
378,0.150605095,0.0563774883,0.0270411143,0.0189681094,0.0233655293,0.0228217412,0.0277587891,0.0310884687,0.0915607822
379,0.152199675,0.0565259531,0.0268058721,0.0189329687,0.023234332,0.023055248,0.0277078115,0.0318105156,0.0905854004
380,0.154052138,0.0554982666,0.0270816514,0.0213108682,0.0230385957,0.0230625566,0.0277410156,0.0317629609,0.0905069004
381,0.153779245,0.0562851699,0.0275357061,0.0203685137,0.0229433408,0.023363751,0.0302991865,0.0315095156,0.0912417871
382,0.155239923,0.0595742959,0.0271250137,0.01969571,0.0231728154,0.0230749658,0.0291663896,0.031175082,0.0919795518
383,0.155083745,0.0576922305,0.0270299346,0.0190778545,0.0232656221,0.0246693076,0.0285374102,0.0316289404,0.0937677412
384,0.154623914,0.0578941816,0.0270925684,0.0192061729,0.0239235273,0.0232511348,0.0285138086,0.0326380498,0.0945936221
385,0.160201453,0.0583496445,0.0273367695,0.0194381934,0.025655083,0.024311291,0.0295674512,0.0318562285,0.0936369961
386,0.155725797,0.057615334,0.0284558789,0.0197546582,0.023851582,0.0233332861,0.0289119336,0.0321007148,0.0953018262
387,0.158119003,0.0589700537,0.0287574268,0.0203268252,0.0235371865,0.0234733486,0.0291638408,0.0328531094,0.0954655869
388,0.159328863,0.0577729766,0.0288743975,0.0211272861,0.0235952109,0.0234797656,0.0301352109,0.032170416,0.0954744121
389,0.161060581,0.0587450928,0.0278579873,0.0216872871,0.0235802598,0.024016043,0.0286230078,0.0321715264,0.0965257051
390,0.160650523,0.0590259063,0.0285502734,0.0205275039,0.0237533164,0.0237045127,0.028972377,0.0328977607,0.0997450371
391,0.161455456,0.0595674316,0.0280143066,0.0200173369,0.0243427822,0.0237416729,0.0286119785,0.0325875029,0.0973567139
392,0.164271543,0.0609069443,0.0278057168,0.020540499,0.0239416572,0.023817126,0.0291326602,0.0329202705,0.096817416
393,0.162768733,0.0609303008,0.0287022588,0.0196572852,0.0238764434,0.0239336055,0.028779667,0.032595499,0.0965446807
394,0.165412992,0.0601910928,0.0279448281,0.0201948926,0.024002959,0.0239662227,0.0289616484,0.0325960898,0.0975102539
395,0.164276865,0.0614519746,0.0294650928,0.0198835605,0.0248485293,0.0239336172,0.0302230117,0.0329485557,0.100169449
396,0.167646332,0.0607006602,0.0321598691,0.019981085,0.0240327402,0.0253414072,0.0294158281,0.0336857676,0.0994416885
397,0.166980163,0.0611670361,0.0287437842,0.0202614736,0.0243385811,0.024014542,0.0305185947,0.0331053906,0.0989154609
398,0.16673743,0.0624209072,0.028331459,0.0208997881,0.0262592812,0.0265977187,0.0296416094,0.0350687842,0.0998336484
399,0.168091407,0.0641014414,0.028425959,0.0228051357,0.0244704531,0.0245245605,0.0298376621,0.0339438408,0.104977495
400,0.169341566,0.0615566582,0.0289313701,0.0211013252,0.0249925029,0.0250843047,0.0304716426,0.0345854307,0.101687138
401,0.16741477,0.0632775283,0.0295911953,0.0203374883,0.0257606416,0.025225626,0.0309833984,0.0339461641,0.102150797
402,0.169955455,0.0633103838,0.0290872725,0.0203979688,0.0247710283,0.0245278857,0.0298212305,0.0356152646,0.103861501
403,0.172763524,0.0638252852,0.0287398779,0.0204230645,0.0256374268,0.024584252,0.0296770234,0.0336915713,0.103489468
404,0.170314026,0.0632453311,0.0290088086,0.0218350625,0.0256624863,0.0246874893,0.0300269863,0.0339692949,0.102461875
405,0.175144492,0.0637156846,0.0297329043,0.0208811621,0.0272793574,0.0257475195,0.0299335977,0.0341844844,0.102714524
406,0.172332923,0.06558104,0.0301098252,0.0207233164,0.0263393496,0.024826627,0.0312083398,0.0358196523,0.104635521
407,0.172762536,0.064581999,0.0292275615,0.0207149209,0.0250765039,0.0249308086,0.0336413398,0.0343819893,0.104483728
408,0.173563769,0.0645954541,0.0330100957,0.0222197852,0.0252841113,0.0250683242,0.0307380586,0.034545126,0.102791339
409,0.177280307,0.065374875,0.0294727139,0.0210023809,0.02533121,0.0254948896,0.0306101035,0.0355085518,0.106285902
410,0.175524887,0.0651829502,0.0295071553,0.0211095879,0.0253242734,0.0256516875,0.0314897549,0.0344437266,0.105229365
411,0.175990784,0.0668405049,0.0302763418,0.0225834063,0.025463708,0.0253846641,0.0312488896,0.0358153691,0.108320324
412,0.178781034,0.0665363203,0.0299348311,0.0218154092,0.0257927734,0.025189123,0.0310834014,0.0356776562,0.107072383
413,0.177415202,0.06645925,0.0302249502,0.0215907295,0.0255739297,0.0257919062,0.0306628135,0.0352147246,0.107114599
414,0.179607612,0.0781918496,0.0297334131,0.0232810771,0.026023332,0.0256513105,0.031863373,0.0347570791,0.108726613
415,0.180072485,0.06733571,0.0313490762,0.0213379092,0.0259048418,0.0262854482,0.0314764424,0.0349116201,0.108919865
416,0.181555,0.0690706113,0.0319087686,0.0238421973,0.0259788184,0.0255959326,0.0319925527,0.0356131221,0.108109225
417,0.19264627,0.0677237617,0.0300761035,0.0213069824,0.0262811797,0.0255087393,0.0315407148,0.0370438115,0.109143857
418,0.181077022,0.0676906162,0.0299696162,0.0213153584,0.0273646426,0.0255057529,0.0314374316,0.0369666738,0.110377172
419,0.184179756,0.0675084033,0.0305142773,0.0220513613,0.0260945771,0.0263595596,0.0314577061,0.0356503457,0.11185129
420,0.181837806,0.0686090859,0.0305429873,0.0224172471,0.0261220801,0.0262597178,0.0335374873,0.0373748984,0.111375447
421,0.184509522,0.0676114063,0.0314892803,0.0219399717,0.0265175166,0.0269684219,0.0345898203,0.037219665,0.111305991
422,0.185064834,0.0689366123,0.0302823086,0.0215746367,0.0267723359,0.0259160811,0.0313011846,0.0370678955,0.113071781
423,0.189256235,0.0692011279,0.0309516133,0.0216353535,0.0268981055,0.0258881133,0.0315818018,0.0356997549,0.11377456
424,0.18665881,0.0708022178,0.0314947578,0.0225102725,0.0276814521,0.026272748,0.031966166,0.0369562373,0.112205818
425,0.190319596,0.070446333,0.0309051406,0.0222514727,0.0291256191,0.0262379326,0.032056417,0.0363097617,0.114775589
426,0.19050348,0.0737679961,0.0309941572,0.0221604795,0.027361542,0.0264783115,0.0323240244,0.0391624941,0.113207353
427,0.191491295,0.070691001,0.030679418,0.0222651475,0.0276232891,0.0263709561,0.0319888955,0.0383554229,0.114780668
428,0.191287371,0.070149043,0.0315652559,0.0220654111,0.0276094463,0.0289189648,0.0331904697,0.038188834,0.113656526
429,0.194414903,0.0723184502,0.0347217979,0.0225523867,0.0272395879,0.0268457783,0.0321446836,0.0379063428,0.115574112
430,0.191082473,0.070502292,0.0321902812,0.0219575645,0.0281831963,0.0264723125,0.0352948545,0.0365750664,0.114737642
431,0.194146438,0.0728959277,0.0314970547,0.0224329043,0.0278760908,0.0280304648,0.0325650449,0.0370816553,0.115109386
432,0.194512459,0.0720972197,0.0312723115,0.0233873311,0.0274542256,0.0268498369,0.0331766025,0.0418014287,0.118267093
433,0.196102584,0.0737971973,0.0319386406,0.0227342217,0.0288865576,0.0272063447,0.0323597783,0.0369389492,0.115017117
434,0.198442503,0.0741378545,0.0344006123,0.0227692295,0.0286675449,0.026758791,0.0324510361,0.0370571191,0.12110539
435,0.195333359,0.0746947676,0.032189665,0.0223314121,0.029423252,0.0274391494,0.03259654,0.0370012021,0.116598176
436,0.19501612,0.0741035146,0.0316404502,0.0225137002,0.029072791,0.0273008086,0.0339226953,0.0374118467,0.117061298
437,0.202651043,0.0732085059,0.0321589375,0.0237140459,0.0281084434,0.0276952812,0.0343901582,0.0379210537,0.118187253
438,0.19645192,0.0759760078,0.0316961035,0.0240129727,0.0279698408,0.0270979355,0.033420292,0.0375254609,0.122065441
439,0.198229138,0.0740408232,0.0320007168,0.0227099873,0.0301512646,0.027091416,0.0329958203,0.0377238691,0.121142893
440,0.200315674,0.0794795215,0.0329434609,0.0228328359,0.0283825518,0.0273745195,0.0330696777,0.038107126,0.119036466
441,0.20215357,0.0765983828,0.0330735889,0.0237274971,0.0282271094,0.0275594346,0.0331776807,0.0373292627,0.120017832
442,0.206232583,0.0751924619,0.0320393516,0.0231513789,0.0283435625,0.0282674434,0.0339255723,0.0406727314,0.121347144
443,0.201143412,0.0759365859,0.0336970332,0.0230329082,0.0283820957,0.0275510166,0.0341104492,0.0385840811,0.125606323
444,0.20254421,0.0762172158,0.0322158867,0.022843292,0.0286006875,0.0277725137,0.0354595938,0.0374187344,0.122205743
445,0.205331766,0.0761043438,0.0339677725,0.0231510195,0.0304518955,0.0281238662,0.0356374697,0.0388921719,0.12284408
446,0.206867116,0.0767518555,0.03303054,0.0235589678,0.0298719434,0.0278500107,0.0347035723,0.0393942021,0.122700768
447,0.205657518,0.0770432002,0.0343132168,0.0231279443,0.0291057217,0.0277749336,0.0337859131,0.0413658828,0.125537271
448,0.206314174,0.0777853643,0.0350631045,0.0235563916,0.0299281875,0.028364166,0.0335543135,0.0381974199,0.125641838
449,0.205769073,0.0774632412,0.032563416,0.0231169268,0.030426208,0.0277339463,0.0348780752,0.0377813682,0.125015517
450,0.209535309,0.0772342021,0.0325552041,0.0236624668,0.0290260566,0.0279064824,0.0339233086,0.0396420859,0.124299738
451,0.210256558,0.0789114502,0.0333168809,0.0242686553,0.0293296416,0.0284368164,0.0342131553,0.0381353066,0.127776603
452,0.214160765,0.0809963506,0.0330902168,0.0258252402,0.0292938516,0.0279858604,0.0354129805,0.0383650381,0.128493245
453,0.214002332,0.0787753828,0.0352535107,0.0235891611,0.0307646279,0.0302735986,0.0342654873,0.0386440967,0.129660784
454,0.214192645,0.079284625,0.0339682441,0.0271457217,0.0295245508,0.0290063125,0.0344031475,0.0387568877,0.129106043
455,0.216527161,0.0810746699,0.0329339746,0.0242792314,0.0297262998,0.0285220771,0.0373479619,0.0392941826,0.132401762
456,0.213699869,0.0801974687,0.0346562158,0.024142627,0.0301099609,0.0292563857,0.0362309111,0.0396091699,0.127688439
457,0.212329658,0.0803275117,0.0336135508,0.0238171582,0.03006646,0.0284220508,0.0372201953,0.0386886855,0.129620165
458,0.215387729,0.0809178848,0.0378775674,0.0240041875,0.0301171104,0.0289771338,0.0353572744,0.03946196,0.13050233
459,0.216389104,0.0856937959,0.036176457,0.0241103418,0.0328474063,0.0285904238,0.0347045986,0.0390033379,0.130505999
460,0.217225407,0.0813755801,0.0334146318,0.0238392031,0.0302094756,0.0293799736,0.0346518398,0.039342373,0.130028393
461,0.219974168,0.0843299268,0.0363636914,0.0239443379,0.0308782246,0.0290209854,0.036648502,0.0394195283,0.130946033
462,0.220826621,0.0808670615,0.0341552539,0.0240639404,0.031025251,0.0286662441,0.0348507607,0.0400605576,0.131676144
463,0.216486905,0.081901084,0.0346259619,0.0240768027,0.0304535195,0.0293352949,0.0357157187,0.0395754697,0.132949563
464,0.22189829,0.0820064707,0.0354786641,0.0241883154,0.0306188389,0.0290062197,0.0363299717,0.0394701113,0.132050318
465,0.220896002,0.0847132617,0.0339729219,0.0242320176,0.0307951299,0.0300356592,0.035035376,0.0399419648,0.134572628
466,0.223580213,0.083128375,0.0340038867,0.0244412227,0.0309393643,0.0293520498,0.035320999,0.0398010439,0.133335067
467,0.22284585,0.0841368418,0.0341338447,0.0244111758,0.030800083,0.0295302676,0.0364455322,0.0401209307,0.134819288
468,0.226777354,0.0846412891,0.0341853633,0.0244393057,0.0308561084,0.0294891582,0.035588082,0.0399084814,0.133714122
469,0.224655599,0.084129583,0.0352468037,0.0244847949,0.0316206709,0.029804125,0.0354142627,0.0410508027,0.13460084
470,0.22479984,0.0865972148,0.0344510049,0.0276769941,0.0321076572,0.029816249,0.0362282236,0.0403810498,0.136086981
471,0.226062849,0.0850544111,0.0367613125,0.0246152813,0.0311419062,0.0301503398,0.0363880742,0.040539417,0.137791258
472,0.228564807,0.0866620664,0.0348417236,0.0248373311,0.0321162969,0.031363373,0.0359602764,0.0408403281,0.138189323
473,0.232287403,0.08620821,0.0346415,0.0246545869,0.0312320254,0.0320617529,0.0362706572,0.0420929951,0.139585533
474,0.229732215,0.0872555244,0.0360219736,0.0253650957,0.0318044023,0.0308836475,0.0368159219,0.0408097744,0.139246424
475,0.232633682,0.0884893018,0.0351701162,0.0247050889,0.0317172412,0.0301997305,0.0360514531,0.042295292,0.141779816
476,0.234281539,0.0871023682,0.0348481768,0.0249949473,0.0316956396,0.0302876045,0.0366331328,0.0422404951,0.141405417
477,0.23022916,0.0875080059,0.0357155605,0.0269192695,0.0316135566,0.0297769307,0.0372575928,0.0410027344,0.141585912
478,0.234414226,0.0868904365,0.0351162744,0.0255844434,0.0322760156,0.0298319385,0.0361746758,0.041465416,0.140627875
479,0.233335555,0.090716709,0.0350205039,0.0250916367,0.032581207,0.0302252559,0.0386569443,0.0409323066,0.139915986
480,0.236308451,0.0884488164,0.0356742305,0.0254620342,0.0334636973,0.0305529541,0.0374048486,0.0414524805,0.141337117
481,0.236518832,0.0888181826,0.0362859473,0.0255596738,0.0327084434,0.0305323584,0.0369954629,0.041569623,0.142154353
482,0.237969882,0.0901538867,0.0356240762,0.025219334,0.0332776523,0.0315068271,0.0367513486,0.0433762129,0.142854967
483,0.242782031,0.0886157295,0.0356078623,0.0254676592,0.0323928281,0.0305178721,0.0377939258,0.0431003486,0.144417922
484,0.238481755,0.0906699648,0.0363846797,0.0266477354,0.0355917256,0.0326509736,0.0370778555,0.0427964531,0.143708704
485,0.242727301,0.0923727627,0.0382260645,0.0278041768,0.033276,0.0304547432,0.0370106094,0.0417232471,0.146947945
486,0.237769485,0.0914491982,0.035692333,0.0270124961,0.0326177422,0.0311201533,0.0376906973,0.0414711367,0.146943317
487,0.243041707,0.0906838867,0.036926792,0.0256520352,0.0326969814,0.0306233564,0.0386701973,0.041945792,0.14693411
488,0.241007742,0.0931252578,0.0370568408,0.0258301123,0.0329788965,0.0314706338,0.0371996768,0.0423388799,0.144886879
489,0.24047147,0.090575041,0.0360361729,0.0262042217,0.0332565264,0.0312493242,0.0384636016,0.0417420615,0.147028389
490,0.241994699,0.0918482422,0.037768248,0.0258349941,0.0352879102,0.0308759238,0.0373648516,0.0418766553,0.14795934
491,0.246856556,0.0960505312,0.0379753193,0.0266423623,0.0330833135,0.0309680195,0.0382366982,0.0424981123,0.148195316
492,0.247164343,0.0922972646,0.0370467666,0.0259459814,0.0335825088,0.0312469072,0.0389456143,0.0436235254,0.148205298
493,0.248365598,0.0946760723,0.0416337344,0.0271831523,0.0357316758,0.031554752,0.0384787549,0.0420470732,0.147741142
494,0.249783319,0.0926152998,0.0363362783,0.0264874297,0.0333822822,0.0328020195,0.0376814004,0.0449853252,0.148327729
495,0.248853082,0.0943371582,0.0364170723,0.026580752,0.0346690137,0.0314140488,0.0403675098,0.042458207,0.153596819
496,0.250050681,0.0951271592,0.0385012568,0.0275288789,0.0341941172,0.0311596895,0.0378863506,0.0424174883,0.15135439
497,0.252438571,0.0965414238,0.0373626602,0.0269804424,0.0337567334,0.0330381191,0.0383519131,0.0446884844,0.152126127
498,0.253349667,0.096459957,0.0373946523,0.0268205205,0.0344665801,0.0313873906,0.0386024824,0.0428684014,0.153697979
499,0.25423336,0.0985451289,0.0366736592,0.0268603486,0.0345098564,0.033092835,0.0384284795,0.0430924648,0.150056213
500,0.252552855,0.0959144238,0.0370850723,0.0271295732,0.0345794189,0.0314957959,0.0397556123,0.0432905479,0.155194777
501,0.257990011,0.0953788555,0.0370398223,0.0290984238,0.0347636748,0.0316508027,0.039785335,0.0426387793,0.151014519
502,0.255391043,0.097781293,0.0374661914,0.0303710576,0.0355585195,0.0332894043,0.0386278633,0.0433709238,0.155895288
503,0.254629717,0.096218751,0.0378590117,0.0266983486,0.0355602607,0.0322269697,0.0429401816,0.0434604814,0.153397053
504,0.260763133,0.0982303867,0.0373364912,0.0273088262,0.0364742021,0.0321230107,0.0395445752,0.0427998672,0.155138201
505,0.26364665,0.099686168,0.0375307305,0.0271784873,0.0350211416,0.0322090488,0.0398383018,0.042870042,0.154688178
506,0.262234911,0.100705379,0.037501501,0.0268162031,0.0359788926,0.0330098047,0.0388250996,0.0430864834,0.155924486
507,0.260941248,0.0985808545,0.0374710205,0.0274106133,0.0346789443,0.0326836035,0.0393332246,0.0448176377,0.156296704
508,0.262878252,0.0991705,0.0380603887,0.0272360557,0.0350130254,0.0321523613,0.039144415,0.0473520537,0.156593204
509,0.263595642,0.0984638281,0.0376335527,0.0275058047,0.037247125,0.0334384932,0.0404611406,0.0435473711,0.1607463
510,0.267428946,0.0999534512,0.0384066299,0.0283083262,0.0358268379,0.032529627,0.0404134971,0.0434410898,0.163723091
511,0.26819674,0.100724293,0.0389676045,0.0275135195,0.0355294619,0.0328058516,0.0467678379,0.0432274326,0.165344604
512,0.267222671,0.103368832,0.0377210352,0.0273542461,0.0353010615,0.0341665439,0.0391815635,0.0433224268,0.160464755
513,0.267142979,0.106867818,0.0384460312,0.0275642314,0.0396826543,0.0324434287,0.0395887725,0.0445871484,0.165026519
514,0.270053076,0.101360633,0.0384102881,0.0274257744,0.0393753867,0.0347129072,0.0406608047,0.0438338154,0.16033562
515,0.268832774,0.104171406,0.0385087041,0.0276477539,0.0390702568,0.0340325186,0.0413753682,0.043770248,0.163987956
516,0.269223347,0.102355792,0.0392289785,0.0280613223,0.0390577295,0.0334875488,0.0396292842,0.0442066133,0.161759099
517,0.274127641,0.101486815,0.0388931689,0.0280952842,0.0412779189,0.032961708,0.0403411748,0.0442195596,0.161816249
518,0.269611065,0.101832685,0.038605752,0.0275428672,0.0403211475,0.0350293447,0.0396693555,0.0445738213,0.167128558
519,0.274693187,0.103581311,0.0389970664,0.0278971553,0.0393755791,0.0332295879,0.0422443252,0.0463865244,0.165011097
520,0.272176498,0.103738248,0.0420303682,0.0280057441,0.0398671816,0.0329396299,0.0401100439,0.0475214023,0.166116989
521,0.275448701,0.104875223,0.0398263594,0.0328732568,0.0407759541,0.0340692891,0.0408051982,0.045263749,0.168788051
522,0.275367604,0.104076117,0.0385830352,0.0284560889,0.0405809805,0.0361882891,0.0443178271,0.0456553818,0.16933892
523,0.282910285,0.107600772,0.0392116387,0.0278221709,0.0416164404,0.033923915,0.0402325234,0.04532571,0.165226989
524,0.280353822,0.104678529,0.0411331377,0.0292317119,0.0406468437,0.0334012734,0.0412764443,0.0466041162,0.166319931
525,0.280659708,0.106266674,0.0390095498,0.0282664121,0.0405849951,0.0342671025,0.0404938623,0.0462704834,0.166253531
526,0.280392896,0.107100142,0.0393635537,0.028662541,0.0404573018,0.0339836748,0.0412089141,0.0455575566,0.171425026
527,0.278327745,0.110338027,0.0390707852,0.0281097139,0.0408922617,0.0337691689,0.0412830254,0.0471545254,0.168826406
528,0.285481071,0.107168974,0.0409009258,0.0288917305,0.0405802412,0.0337611475,0.0410101836,0.0455922891,0.16795813
529,0.280011449,0.106495386,0.0410728652,0.0289486523,0.0405284463,0.0346044648,0.0410445029,0.0465956016,0.17230559
530,0.286495232,0.110485039,0.0399394395,0.0290199521,0.0443950176,0.0357575303,0.041161333,0.046203083,0.172567003
531,0.288520779,0.108106883,0.0412610469,0.0285241299,0.0454152783,0.0347794238,0.041635167,0.046556417,0.172212635
532,0.287146014,0.110326297,0.0395701738,0.0287468525,0.0419447852,0.0337226045,0.0422395078,0.0466841729,0.17083991
533,0.29153542,0.110299706,0.040202999,0.0287656543,0.0415101992,0.0339155703,0.0415703789,0.0472102676,0.175582873
534,0.284984613,0.111875319,0.0411228437,0.0292098086,0.0412630254,0.0346848701,0.0419187256,0.046651999,0.173409728
535,0.289870019,0.111345863,0.0407961318,0.0325625332,0.0411833213,0.035411127,0.0418326504,0.0476473105,0.172826961
536,0.28878165,0.11192731,0.0399462686,0.0293647705,0.0450335352,0.0343317012,0.0417265459,0.0468087109,0.175466932
537,0.29032873,0.112452421,0.0401263477,0.029162957,0.042232834,0.0347628437,0.0414516123,0.0466759756,0.174595098
538,0.29423984,0.110910421,0.0455551016,0.0302523613,0.0414917529,0.0344606865,0.0438813184,0.0473095732,0.180938938
539,0.292982176,0.113651133,0.0407758867,0.0292313486,0.0419058408,0.038114002,0.0421565273,0.04867529,0.1807682
540,0.298014608,0.112645335,0.0423343975,0.0293252598,0.0509481523,0.0345961094,0.0436724805,0.0496388037,0.179123343
541,0.294682068,0.114693705,0.0442116104,0.0294565859,0.0430812617,0.0347981426,0.0432308916,0.0474356572,0.180271407
542,0.298734094,0.113306345,0.0422748037,0.0305434893,0.0429168467,0.0352699824,0.0418117451,0.0481617041,0.181865991
543,0.29639862,0.113724921,0.0403510381,0.0308383936,0.0426515947,0.035115542,0.0427574805,0.0477079707,0.183712179
544,0.300580136,0.112203847,0.0407925586,0.0304693975,0.0432385508,0.035946502,0.0440888506,0.0474544688,0.178407366
545,0.29858186,0.11686751,0.0421082334,0.0297289131,0.0423500791,0.0346847432,0.0426745674,0.0505749922,0.179436524
546,0.300631698,0.115066178,0.0417744365,0.0313095928,0.0425572227,0.0350708916,0.0429231797,0.0486622197,0.181020624
547,0.300004747,0.11477409,0.0406264033,0.0300028652,0.0441816992,0.0349111299,0.0425033105,0.0514140889,0.179881251
548,0.304977159,0.114837121,0.0411136211,0.029551709,0.0435914551,0.0358401562,0.0434444697,0.0476427773,0.18186182
549,0.302958519,0.114002344,0.041382873,0.0296342588,0.0435400342,0.0350905977,0.0426022637,0.0520598496,0.186527636
550,0.304566136,0.116700576,0.0413881563,0.0304613711,0.043201085,0.0350615615,0.0428406445,0.0484784248,0.185088574
551,0.302387384,0.11517365,0.0410719482,0.030401458,0.0435687061,0.0353296582,0.043531334,0.0539815684,0.186746458
552,0.305569699,0.118489898,0.0415603818,0.0302523389,0.043723665,0.0362867021,0.0433831455,0.0491532324,0.184782877
553,0.311615394,0.115832153,0.0414166553,0.0335088535,0.0442186768,0.0368031553,0.0447094531,0.0510290645,0.18671123
554,0.320412708,0.11767864,0.0415230918,0.0314096074,0.0461060156,0.0354262393,0.0432525156,0.048445041,0.191899992
555,0.305936228,0.120369784,0.0430407539,0.0349418711,0.0442821084,0.0358693096,0.0447077207,0.0490123428,0.188990743
556,0.314958148,0.118072705,0.0459986318,0.0308369004,0.0440451436,0.0372631143,0.0456785059,0.0487293018,0.188136826
557,0.310109135,0.11739888,0.0431505742,0.030277624,0.0448169629,0.0365432578,0.0448369521,0.0490555225,0.192080692
558,0.315733476,0.124344803,0.0422646152,0.0311734473,0.0447701074,0.0366058047,0.0436540947,0.0500030527,0.188178875
559,0.314655461,0.120380979,0.042084248,0.0305868799,0.0464296504,0.0356656855,0.0441936045,0.0499505137,0.191804178
560,0.311667404,0.126188629,0.042730584,0.0314066035,0.0441602061,0.0384679805,0.0434964033,0.0501106836,0.191736195
561,0.314626805,0.12387837,0.0426091758,0.0305429121,0.0450505303,0.036482668,0.0434883574,0.0542131611,0.19337121
562,0.326007038,0.122155634,0.0443802891,0.0310873232,0.0449349258,0.0371064687,0.0458429189,0.0505282969,0.190860914
563,0.315285691,0.121537364,0.044340709,0.0307524678,0.0463110137,0.0364093994,0.0451872393,0.0530950703,0.190158563
564,0.322197843,0.122490865,0.0433926885,0.0311213398,0.0454649502,0.036987291,0.0440272207,0.0502649687,0.193851175
565,0.322376629,0.121523585,0.0436520566,0.0307563096,0.04517121,0.0365529268,0.0445434258,0.0529983887,0.194711485
566,0.321039067,0.123961603,0.0425020967,0.0308441025,0.0454246162,0.0368067627,0.0442578174,0.0525858848,0.195961609
567,0.325775808,0.123048365,0.0447570977,0.0312541523,0.0466268057,0.0371132549,0.0447355313,0.0521241445,0.195094016
568,0.326192943,0.122484819,0.0428399131,0.0314336777,0.0451216172,0.0367651064,0.0441979277,0.0516928184,0.196063019
569,0.33180827,0.125340962,0.0433781172,0.0310943018,0.0468506885,0.0371840303,0.0450700703,0.0499267256,0.196059585
570,0.326910697,0.124488646,0.0449533311,0.0308367734,0.046868082,0.0388194756,0.0453202617,0.0505103818,0.19758713
571,0.326122242,0.122874467,0.04388346,0.0310996436,0.0469107598,0.0375957256,0.0452636064,0.052537582,0.198200181
572,0.326377127,0.125702809,0.0427611221,0.0326998887,0.0462399424,0.0378953135,0.0454620459,0.0502797344,0.201060675
573,0.329370538,0.124854271,0.0431647451,0.0319962373,0.0455620967,0.0385577158,0.0452054541,0.050093915,0.19970971
574,0.327629924,0.124152509,0.0448674063,0.03117996,0.0463183564,0.0375336514,0.0468528027,0.0511682158,0.205517023
575,0.332351953,0.125317176,0.0440703359,0.0312670098,0.0462310537,0.0375377402,0.0491260342,0.0514714336,0.200127873
576,0.330118433,0.126380791,0.0431438408,0.0325518076,0.0468999971,0.0392846787,0.044949418,0.0535983467,0.205123444
577,0.332518706,0.128408032,0.0446274658,0.033439499,0.0461747432,0.037116625,0.0451988281,0.0499904443,0.198123179
578,0.336393583,0.128386254,0.0441974678,0.0315925811,0.047727875,0.0374992598,0.0455007861,0.0507440752,0.200279652
579,0.330679506,0.129273037,0.0437319277,0.0318120557,0.0459087646,0.0372981055,0.04596475,0.0506226895,0.20525932
580,0.339767266,0.12576574,0.043822625,0.0326972236,0.0462690811,0.0373599023,0.0456435078,0.051326251,0.201517868
581,0.344571726,0.126151589,0.0435096621,0.0320129326,0.0464678076,0.0390418545,0.045489751,0.0512285674,0.209360241
582,0.337159574,0.130366562,0.047733957,0.0319391426,0.0464542227,0.0374774385,0.0458293633,0.0509410547,0.203149719
583,0.346156658,0.129584773,0.0443549961,0.0319607686,0.0479991133,0.0375723477,0.046590248,0.0515264775,0.206178979
584,0.337883415,0.129643841,0.0452046758,0.0324377627,0.0468396055,0.0379740303,0.0462330811,0.0513174756,0.212212739
585,0.341432734,0.130493133,0.0444554297,0.0320102412,0.0469156846,0.0404253926,0.0468478994,0.0520157188,0.205021959
586,0.344084127,0.129973774,0.044424835,0.032304584,0.0490611338,0.0398142031,0.0461311064,0.0529925117,0.208449459
587,0.343457523,0.12942133,0.0443212813,0.0320099023,0.0483155527,0.0380852461,0.0462459717,0.0522986484,0.209360865
588,0.341930753,0.134279856,0.0454636172,0.0323880771,0.0490077871,0.037893043,0.047365543,0.0515774678,0.207434126
589,0.345624953,0.132922407,0.0446376367,0.0321321455,0.0484748965,0.0388310381,0.0486986338,0.0537941826,0.209200672
590,0.35440206,0.133084382,0.0473255127,0.0328980146,0.047794332,0.0383831836,0.0471708223,0.0523466934,0.214516199
591,0.34569636,0.133579173,0.0466284482,0.033400748,0.0495109082,0.0387349658,0.0466315283,0.0516746777,0.211211032
592,0.351042865,0.133978098,0.0453054766,0.0325154004,0.0504093164,0.0404995186,0.0472641533,0.0520493652,0.211691826
593,0.353513752,0.133439361,0.0453970742,0.0326303828,0.0475139307,0.0403657588,0.0470630781,0.0534384434,0.211620746
594,0.353813055,0.132539885,0.0448037754,0.032492665,0.0479864043,0.0395806836,0.0467263643,0.0522600977,0.212438231
595,0.351622245,0.133191798,0.0468360371,0.0342467832,0.0511028184,0.0386027324,0.0479622539,0.0548335947,0.218889178
596,0.356041854,0.136825533,0.0458491758,0.0331011719,0.0503196406,0.0387647842,0.046724917,0.0548855664,0.215107126
597,0.35432431,0.136411255,0.0479444492,0.0352327246,0.049848209,0.0406407158,0.047711876,0.0537550508,0.220509633
598,0.35601721,0.134666938,0.0468993086,0.0347479805,0.04894525,0.0396205137,0.0471053721,0.0527223408,0.214442387
599,0.363068256,0.136667165,0.0464585518,0.0328575029,0.0503451631,0.0386325332,0.0487125303,0.0531249277,0.216956327
600,0.356717138,0.135550449,0.0467445508,0.0327641523,0.0509866494,0.0402358584,0.0478615977,0.0539088203,0.214548632
601,0.361498897,0.13972622,0.0460059424,0.0335901563,0.0492590264,0.0389236523,0.047834498,0.0524733486,0.220797049
602,0.364215442,0.136682088,0.0459069746,0.0337135225,0.0508613672,0.039966832,0.0488917842,0.0526555469,0.219220107
603,0.364065904,0.140547822,0.0455964971,0.0331477773,0.0492318203,0.0402490469,0.048103502,0.0528076797,0.22238418
604,0.367937104,0.140089246,0.0455393594,0.033735043,0.0506534834,0.0412971094,0.0495246455,0.0557645293,0.220370214
605,0.366964478,0.140597301,0.047123749,0.0335038633,0.0516616768,0.0400780488,0.0493181855,0.0531376172,0.219807506
606,0.366963349,0.143577569,0.0464773672,0.0333974688,0.0512167295,0.0413997998,0.0479717148,0.0533427051,0.223831676
607,0.364436971,0.140984031,0.0461435361,0.033782002,0.0499327422,0.0402290693,0.0488997656,0.0529000234,0.225591021
608,0.368590118,0.1410968,0.0465736426,0.0342342539,0.049964916,0.041464377,0.048156498,0.0542595508,0.218660676
609,0.368171724,0.144882854,0.0464462529,0.0334984531,0.0500084951,0.0393882754,0.0493402109,0.0533639756,0.225223314
610,0.371636749,0.140481984,0.04697846,0.033794791,0.0524704033,0.0425871191,0.0484959961,0.054715167,0.225046824
611,0.373842064,0.142978118,0.0473706514,0.033995001,0.0500672744,0.0402159619,0.0482688447,0.0567243447,0.223781187
612,0.371739771,0.142370097,0.047912915,0.0347566494,0.0538311943,0.0402389756,0.0484490381,0.0544023682,0.228258214
613,0.376072777,0.143199721,0.0477494326,0.0342859258,0.0510901143,0.0396355391,0.0483406357,0.0545350605,0.23126655
614,0.373633242,0.144050015,0.0484238447,0.0345372578,0.0548717227,0.0409996221,0.0500322334,0.0535146182,0.226648477
615,0.3744942,0.144233653,0.0470629141,0.036574626,0.0513704531,0.0397681543,0.048685125,0.055358251,0.225886019
616,0.380816489,0.142789243,0.0467948066,0.0343434893,0.0509591562,0.0408596494,0.0493247373,0.0549422021,0.229251475
617,0.377476875,0.145017809,0.0497067256,0.0346348125,0.0514759014,0.0400146562,0.05000621,0.0552615059,0.232725997
618,0.387479621,0.144254418,0.0467494355,0.0340431992,0.0522362666,0.0421393027,0.0510844258,0.0547490557,0.227826858
619,0.378279315,0.144535893,0.0482653057,0.0344327773,0.0564529834,0.0402950225,0.0538347637,0.0552555693,0.227336438
620,0.377308734,0.145674721,0.0515711543,0.0350613301,0.0520787666,0.0419614111,0.0493888135,0.0553971562,0.228350518
621,0.381871307,0.145203849,0.0482150566,0.034441583,0.0512961748,0.0405286309,0.0499947793,0.0554161318,0.232699184
622,0.38483509,0.146297244,0.0487122119,0.0354904893,0.0513720977,0.0411283018,0.0494612129,0.0576696328,0.232423782
623,0.390339051,0.145973881,0.0492197813,0.034819667,0.0533740527,0.0417879844,0.0491226025,0.0568641357,0.232710938
624,0.389756892,0.150523081,0.0475762979,0.0342923975,0.0530628545,0.0405386094,0.0536167881,0.055565458,0.233086661
625,0.383716799,0.150359663,0.0482700957,0.0345478516,0.0518216533,0.0408359639,0.0498960674,0.0555598945,0.235453671
626,0.389964488,0.147445978,0.0478221328,0.0346214951,0.0525134971,0.042185751,0.0494419023,0.0550018721,0.234186712
627,0.38790395,0.149494638,0.0485058896,0.0346469756,0.0521242588,0.0458873643,0.0525832764,0.0557639385,0.239081074
628,0.387779312,0.148379325,0.0485933818,0.0352019336,0.0550048994,0.0413365684,0.0502103613,0.0569328525,0.23433125
629,0.396459368,0.152072114,0.049089125,0.0357911436,0.0529969219,0.0411154268,0.0501538203,0.0557215303,0.23747186
630,0.395090742,0.151365332,0.0483634814,0.0352115684,0.0537774971,0.043768917,0.0498591719,0.0565168438,0.245735692
631,0.39285626,0.150480479,0.0484682979,0.0360392559,0.0570556641,0.041029165,0.0502274746,0.055867667,0.238036205
632,0.392834363,0.151987029,0.0486535576,0.0355939844,0.0545956563,0.04122071,0.0508707158,0.055779707,0.239600388
633,0.396741115,0.150071519,0.0481966084,0.0364772744,0.0544264141,0.0448152969,0.0505699277,0.0567978271,0.240351879
634,0.397252181,0.152737854,0.0492258525,0.0357878486,0.0539445313,0.04147725,0.0502874258,0.0548431318,0.242215067
635,0.400196994,0.14981231,0.0486104199,0.0388104219,0.0556197617,0.0414893467,0.0505837109,0.0561619053,0.241458614
636,0.39519205,0.153756593,0.0491001348,0.0351513604,0.0539700859,0.0451919609,0.0504648721,0.0559782832,0.241102902
637,0.410807499,0.152834003,0.0504727705,0.0359577412,0.0547822187,0.0425566533,0.0515077705,0.0558649014,0.239616373
638,0.399890176,0.155961644,0.0513288379,0.0371196592,0.0535893877,0.0427801348,0.0512219102,0.0602991611,0.242249633
639,0.405881598,0.155374042,0.0533512793,0.0359488398,0.054452459,0.0423693584,0.0506302188,0.0567437793,0.244364828
640,0.407134356,0.158267743,0.0501174795,0.0364401416,0.0554854482,0.0425420859,0.0512266924,0.0559576406,0.240568982
641,0.405206277,0.155117925,0.0488892607,0.0355438447,0.055204002,0.0421879385,0.050982041,0.0561161729,0.246261181
642,0.405727202,0.157132006,0.0508328828,0.0358312031,0.0545110166,0.0420650195,0.0511846943,0.0557253477,0.246695927
643,0.406251716,0.157411627,0.0506692266,0.0376900439,0.0540664531,0.0423054609,0.0519873945,0.056387377,0.245620018
644,0.411945311,0.156697637,0.0495093535,0.0384454893,0.0548155293,0.0442478809,0.0521556514,0.056029627,0.246413218
645,0.410058946,0.156773979,0.0490685166,0.035864334,0.0545625732,0.0436284375,0.0518437881,0.0562498457,0.248855803
646,0.407458703,0.158427332,0.0514683389,0.0364706621,0.0546415654,0.0424805137,0.0517770283,0.058066167,0.24863286
647,0.415018739,0.158366924,0.050836875,0.0361241611,0.0541722441,0.0435129131,0.0547887588,0.0586946104,0.253694349
648,0.41277431,0.159876343,0.0495779902,0.0359760879,0.0569649521,0.0425726201,0.0515294268,0.0566607549,0.25253639
649,0.41816925,0.159982949,0.0512799668,0.0372685225,0.0553619854,0.0423183477,0.0516501172,0.0569116426,0.25163651
650,0.420388131,0.158789295,0.0497521484,0.0362146191,0.0555386641,0.0427195859,0.0519995059,0.0565555078,0.251027712
651,0.422201361,0.16076592,0.0503224434,0.0363279287,0.0564846572,0.0429778887,0.0530397822,0.0569906963,0.252901021
652,0.415618091,0.161037116,0.0509062734,0.0374843594,0.0576280508,0.0432423994,0.0543037227,0.0572958193,0.253371696
653,0.414862265,0.164316193,0.0501940078,0.0367658867,0.0556606006,0.042606165,0.0559552236,0.0593018857,0.255866054
654,0.423844285,0.162768019,0.0510712793,0.0388256641,0.0579821934,0.0454376426,0.0529423604,0.05786504,0.254535991
655,0.426739117,0.161542464,0.0503310947,0.0369286455,0.0582692539,0.0443357461,0.0525682158,0.0576592705,0.254322056
656,0.424405396,0.162397104,0.0500134854,0.0371846836,0.0555510518,0.0430261699,0.0528290264,0.0581567051,0.264527385
657,0.426975893,0.161500834,0.0505274346,0.0382268945,0.0555582871,0.0433604463,0.0533466006,0.0589554863,0.255189636
658,0.423125373,0.165571682,0.0501081943,0.0369389473,0.0575007422,0.0430494688,0.052597415,0.0587931846,0.260434677
659,0.427373995,0.163494315,0.0502863555,0.0371391963,0.0565598525,0.0439915947,0.0531757354,0.0588419229,0.258788242
660,0.425862102,0.16307566,0.0522592178,0.037391791,0.0569205586,0.04393896,0.0556979912,0.0590555752,0.257988986
661,0.429829557,0.164965505,0.0510981689,0.0369731387,0.0574145684,0.0453696328,0.053132957,0.0590774063,0.259762271
662,0.427762454,0.16249491,0.0506792979,0.0380572441,0.0631035547,0.0458561348,0.0537296885,0.0589242246,0.262103474
663,0.436189486,0.166716031,0.0510859404,0.0377919668,0.0569539023,0.0435612793,0.0532035459,0.05881179,0.261425555
664,0.432642943,0.166799538,0.0523321553,0.0369065479,0.0579588594,0.044717418,0.053269335,0.0591085352,0.265333511
665,0.431875864,0.167735315,0.0526924414,0.0371652051,0.0574471777,0.0456483125,0.0550949648,0.059404541,0.265312933
666,0.433464631,0.167413211,0.0514440898,0.0373155566,0.0567914951,0.0440053574,0.0537157305,0.0604158828,0.266969937
667,0.437602594,0.169766091,0.0568652412,0.0381665527,0.0568230498,0.0443524629,0.0536807363,0.060298166,0.267170415
668,0.437830644,0.169672118,0.0526181396,0.0377230264,0.0569592393,0.0445399033,0.0536575752,0.0646283291,0.26521975
669,0.438356337,0.171880335,0.0517347891,0.0373392793,0.0598934854,0.0440129336,0.0556429395,0.0597968809,0.267687796
670,0.438871988,0.172104677,0.0517148555,0.0381772051,0.0578774443,0.0452543721,0.055187917,0.0623454463,0.273874045
671,0.450223311,0.168365025,0.051831877,0.0386052314,0.0581383301,0.0451313145,0.0546100693,0.0595601357,0.265782416
672,0.443074425,0.17277045,0.0541453633,0.0379129092,0.0577526846,0.0440755312,0.0537524238,0.05902329,0.265667031
673,0.4485021,0.171177356,0.0535198105,0.0379480156,0.058041665,0.0442214727,0.055020959,0.0590706719,0.27416439
674,0.449123448,0.170188612,0.0533686387,0.0393919404,0.0580155127,0.0442375967,0.0541165,0.0595094189,0.269994028
675,0.442402609,0.171775881,0.0519180332,0.0409472705,0.0595499111,0.0445583867,0.0546803135,0.06160954,0.268953232
676,0.449146462,0.178844281,0.051827748,0.0378993125,0.0585820391,0.0455664014,0.0541798789,0.060495916,0.270768422
677,0.453076154,0.170959106,0.0535613701,0.0380708857,0.0591904434,0.0448922676,0.0560560889,0.0604084316,0.275469121
678,0.451361771,0.17709798,0.0536478535,0.0384693496,0.0590642549,0.0456433682,0.0545508643,0.0637080703,0.277859848
679,0.448159373,0.173734854,0.0526277891,0.038477709,0.061064415,0.0486567871,0.0544256924,0.0612337607,0.281451383
680,0.453908237,0.174122431,0.0561193936,0.0395657666,0.0598163311,0.0448155264,0.0555328057,0.0602659014,0.27795969
681,0.457065934,0.174418193,0.0523528818,0.0404841016,0.0592869414,0.0453327598,0.0545949297,0.0646396309,0.274240244
682,0.460220576,0.178152325,0.0540709648,0.0388646084,0.0597462539,0.0459504658,0.0568087783,0.0610689609,0.28061132
683,0.455861464,0.176759601,0.0547213682,0.0385681367,0.0605506221,0.0467816035,0.0548599512,0.0606722119,0.280145816
684,0.459502003,0.175768811,0.0552877705,0.0383486221,0.0595222607,0.045831915,0.0548797588,0.0605489687,0.277765046
685,0.459491249,0.179693123,0.0562770996,0.0396659795,0.0589217119,0.045600042,0.0551758682,0.0636031123,0.278635017
686,0.458616431,0.184115371,0.0535184443,0.040774168,0.0621266094,0.0468015996,0.0557384199,0.0626234648,0.277312311
687,0.462192438,0.181191391,0.0542462822,0.0392470713,0.0602476787,0.0453515645,0.0572085713,0.0642390029,0.283088169
688,0.461001304,0.178572545,0.0530601797,0.0412951641,0.060675042,0.0458859082,0.0556598252,0.061967708,0.28238855
689,0.459465746,0.178651802,0.0534483418,0.0394173633,0.0612005391,0.0470981914,0.0553536592,0.0618300674,0.284648841
690,0.471312736,0.178777961,0.0552089912,0.0388564297,0.06114129,0.0468353086,0.0583333691,0.062958457,0.279302507
691,0.469567031,0.179837968,0.0531756885,0.0401127715,0.0601180918,0.0478372578,0.0557771445,0.0639462422,0.283237495
692,0.474552145,0.182639495,0.0538103066,0.0391626533,0.0610682549,0.0467445596,0.0568491758,0.0613905039,0.28633696
693,0.473574389,0.187600582,0.0537574287,0.0394460029,0.0618481289,0.046166085,0.0561442754,0.061305627,0.282263677
694,0.470146582,0.183927013,0.0545945469,0.0414672666,0.0619556543,0.0461178379,0.0573898877,0.0615235283,0.282204257
695,0.475200036,0.181260905,0.0539683984,0.0399989971,0.0610806963,0.0457885264,0.0565711484,0.0620691787,0.284278393
696,0.472348708,0.185615429,0.0566425293,0.0398490771,0.0639371611,0.0470089961,0.0570538535,0.0621885645,0.284584118
697,0.473833177,0.18415464,0.053703708,0.0394142002,0.0615528213,0.047016708,0.0560822012,0.0641765537,0.284558975
698,0.480444308,0.183696687,0.0546721191,0.0401396221,0.0616938643,0.0463822012,0.0571321592,0.062581082,0.290856128
699,0.475754523,0.18466608,0.0552535557,0.0402540254,0.0641540869,0.0472552188,0.0572895664,0.0629001328,0.297131204
700,0.481518312,0.187557683,0.0565551172,0.0397167422,0.0619991436,0.0501726855,0.0568060518,0.0640225752,0.292395257
701,0.48161253,0.186534775,0.0541919463,0.0394740576,0.0618360732,0.0492895166,0.057085665,0.0630102236,0.291480642
702,0.4834688,0.186808834,0.0558730088,0.0404841826,0.0622764668,0.0497891162,0.0567231084,0.0685879189,0.291479343
703,0.483303921,0.186770944,0.0545835332,0.0426675752,0.0621181533,0.0469151865,0.0567690215,0.0642706992,0.294789674
704,0.482414458,0.188080431,0.0550251045,0.0408069971,0.0651960908,0.0467432637,0.0581948203,0.0639284746,0.297358654
705,0.482287822,0.191724625,0.0567789502,0.0398454238,0.0633618047,0.0468019551,0.0577711426,0.0638700264,0.303048321
706,0.485225518,0.188420755,0.0575315635,0.0413959912,0.0633535498,0.0489612207,0.0602221934,0.0629140713,0.296603912
707,0.490867553,0.187810239,0.0551996514,0.040548415,0.0627977227,0.0466241631,0.0569519297,0.0636040166,0.299591387
708,0.48526337,0.191272818,0.0545831484,0.0405862637,0.0656284404,0.0488128926,0.0572813711,0.0626319902,0.296038172
709,0.491103927,0.189362133,0.0547614824,0.0420294453,0.0623464336,0.0513843652,0.057920332,0.0625130049,0.295743825
710,0.491942711,0.186637696,0.0552537461,0.0414931533,0.0627637197,0.0505734717,0.0605055146,0.0634789893,0.296787082
711,0.491288475,0.193476994,0.0559099004,0.0406932666,0.064665877,0.0482458193,0.0578731025,0.0629692246,0.300442305
712,0.496275997,0.191190176,0.0555630723,0.0438835352,0.0638016602,0.0481804033,0.0601972412,0.0639887754,0.303554574
713,0.496146254,0.193112938,0.0554933076,0.0417612822,0.0632871826,0.0492068936,0.0583967441,0.0632841484,0.303658952
714,0.493150108,0.18982983,0.0575604023,0.0402421611,0.063728083,0.0499436523,0.0617725137,0.0638187451,0.299831297
715,0.496664603,0.192407794,0.0565181445,0.0407021328,0.0640491182,0.0474546895,0.0600377412,0.0637391641,0.304747282
716,0.499615891,0.196437397,0.0552964854,0.0408610332,0.0630506963,0.0489445547,0.0583753457,0.0659202998,0.302428698
717,0.501145922,0.193562854,0.0555779824,0.0409618867,0.0644358613,0.0477991826,0.0604197578,0.0643486797,0.302713011
718,0.500884272,0.193717476,0.0560882734,0.041733792,0.0651106895,0.0526005518,0.0587203037,0.063952502,0.309741163
719,0.506514258,0.19677808,0.0577910283,0.0408420605,0.0650736064,0.04789854,0.0594685459,0.0637030254,0.310253606
720,0.505161129,0.195231636,0.0583694102,0.0409432871,0.0654100342,0.0482893379,0.05866446,0.0662240596,0.309877305
721,0.511149113,0.192185112,0.0563393779,0.0407118896,0.0700796357,0.0486150928,0.0611346826,0.0641380996,0.309485905
722,0.506462191,0.197401321,0.057569084,0.0415218193,0.0684581338,0.0482500674,0.0586071631,0.0660224248,0.309157138
723,0.507360508,0.195866364,0.0579878057,0.0409578252,0.069268166,0.0493270078,0.0605061904,0.0653081201,0.310327764
724,0.507343365,0.194705479,0.0582205049,0.0430097637,0.0709497158,0.0489771758,0.0614178232,0.0641894258,0.308068562
725,0.516639621,0.199035994,0.0575913047,0.0434955703,0.0661927676,0.0502806533,0.0595986885,0.0661642529,0.312533283
726,0.511179242,0.20188015,0.0561712695,0.0422942305,0.0667537812,0.0484267432,0.0639870371,0.0656406201,0.310737438
727,0.515296364,0.19796219,0.0581722803,0.0415673682,0.0674718184,0.0485439629,0.0594423906,0.0667447334,0.315520776
728,0.514715642,0.199790546,0.0569171807,0.0413065352,0.065895126,0.0486197197,0.0594352285,0.0658827363,0.316078176
729,0.521327676,0.198872515,0.0576018115,0.0421760107,0.0652789531,0.0485474277,0.0605537412,0.0652616396,0.320880727
730,0.522731781,0.202923563,0.0590346162,0.0430195518,0.0682571045,0.0496074629,0.0612309121,0.0651885381,0.316810529
731,0.517954321,0.202064778,0.0567751387,0.0415947764,0.0659486094,0.0496187852,0.0607943066,0.0647593115,0.31414743
732,0.52791905,0.197389466,0.0600836367,0.0429164971,0.0687643066,0.0509376553,0.060034376,0.0651988965,0.31596977
733,0.525364665,0.20360591,0.0570939219,0.0437965029,0.0661963574,0.0488323877,0.0598993086,0.0651113799,0.322360724
734,0.524304844,0.202405802,0.057906125,0.042331623,0.0669315059,0.0510034834,0.0601250498,0.0663931299,0.319113381
735,0.526444649,0.202927065,0.0570832939,0.044292043,0.0667153633,0.0488332803,0.0615086641,0.067019085,0.316327937
736,0.525950237,0.205557405,0.0664506943,0.0438627461,0.0685323516,0.0491766533,0.0614798604,0.0663267744,0.319234963
737,0.531466544,0.212491566,0.0581938125,0.0428440723,0.0667636611,0.0496048057,0.0600561152,0.0668428232,0.322635937
738,0.523540766,0.207656924,0.0585466816,0.0419434551,0.0680283398,0.0494673809,0.0627038662,0.0652908115,0.323236562
739,0.532033261,0.204729925,0.0578578818,0.0425524092,0.0681107275,0.0506841172,0.0617591494,0.065854458,0.319386801
740,0.53440298,0.204156093,0.0595698877,0.042818043,0.0670441455,0.0523276367,0.0615838945,0.0668779619,0.326165599
741,0.540466433,0.209130061,0.0585254502,0.0425520381,0.0671453936,0.0499842617,0.0606663721,0.0695688916,0.321362015
742,0.538750075,0.204761988,0.0621005967,0.0436699834,0.0683611016,0.0525328877,0.0608367422,0.0688686201,0.324606479
743,0.538839234,0.206606396,0.0602282568,0.0423805166,0.0716532334,0.0576969004,0.0612378311,0.0688439326,0.32612867
744,0.541421143,0.206319476,0.0611316572,0.0422407061,0.071112292,0.0494956553,0.0617817314,0.0676383916,0.327223957
745,0.539392799,0.207095313,0.062350542,0.0433762324,0.0727428896,0.0561360488,0.0656523281,0.0669884258,0.336481834
746,0.545199406,0.212130028,0.0578895986,0.0425510801,0.0683957236,0.0522756504,0.0630226533,0.0681094893,0.333916098
747,0.546775935,0.21041025,0.0589665918,0.0442800771,0.0685301455,0.0518295947,0.0610640381,0.0668990752,0.326447608
748,0.551479019,0.212297945,0.0605565449,0.0448771406,0.071063958,0.0505019336,0.0609257119,0.0671130234,0.325775796
749,0.543666884,0.212123893,0.0628277354,0.0426168818,0.0693887236,0.0501668906,0.0643081309,0.0664254883,0.336205614
750,0.545664547,0.213197895,0.0590934727,0.0432365078,0.0687722285,0.0506459639,0.0642434219,0.0667584004,0.332047774
751,0.548306563,0.212609704,0.0584899893,0.0437460313,0.0690225039,0.0507505518,0.0645013252,0.0682302588,0.33667168
752,0.548323771,0.214368537,0.0585297285,0.0434228184,0.069569042,0.0518908164,0.0628865537,0.068943998,0.332349873
753,0.550274436,0.214794568,0.0606920146,0.0462837627,0.0716202402,0.0504011113,0.0619788203,0.0678392959,0.332901813
754,0.546889609,0.216490822,0.0590776182,0.0432556826,0.0704360762,0.0503092979,0.0621794229,0.0671376104,0.335035911
755,0.553059973,0.213637923,0.0613796387,0.0436598164,0.069094833,0.0510694971,0.0648649629,0.0691663857,0.336320501
756,0.557841501,0.216479707,0.0592717119,0.0434963232,0.0699322568,0.0507798164,0.0635171543,0.0682697012,0.338289369
757,0.557369736,0.219814284,0.0598203135,0.0437145859,0.0699673789,0.0504769336,0.0623740947,0.0697073379,0.333332802
758,0.564414426,0.220255888,0.0599547656,0.0437215186,0.070615876,0.0509420967,0.0630246895,0.0684165732,0.335249665
759,0.561357199,0.218106509,0.0600941367,0.0440855635,0.0710561934,0.0513410215,0.0616149775,0.0674828809,0.336744868
760,0.55784957,0.219109874,0.0599236816,0.0441723066,0.073860376,0.0512359551,0.0623277051,0.0735799668,0.338210217
761,0.566717008,0.216968289,0.0604129316,0.0463288916,0.0717453486,0.0508560088,0.0668798564,0.0677090186,0.344042788
762,0.571092517,0.215819777,0.0631081279,0.0442298564,0.071060416,0.0516660313,0.0628175801,0.0710258936,0.342141834
763,0.562857582,0.221637218,0.0609046123,0.0450276768,0.069878835,0.0525175596,0.0621470352,0.0707831328,0.343516111
764,0.566310272,0.218782386,0.0591540039,0.043985625,0.0720791074,0.0548249971,0.0628056885,0.068124248,0.344073285
765,0.572258834,0.224786652,0.0602726738,0.044349332,0.0702682813,0.0514418926,0.0631805771,0.0704338984,0.349624787
766,0.56601577,0.218475722,0.0613633447,0.0450464268,0.071035792,0.0542735439,0.0654953291,0.06864821,0.346484987
767,0.565280977,0.224052225,0.0624134648,0.0441138643,0.0716077109,0.0519748447,0.0631871768,0.0687282041,0.346216072
768,0.570285951,0.22010096,0.059977457,0.0439447168,0.0726272617,0.052381708,0.0638746348,0.069176458,0.34559214
769,0.57000582,0.220951115,0.0600079014,0.0447895439,0.0721195195,0.05257546,0.0648374961,0.0706067354,0.356678211
770,0.576625734,0.226757599,0.0631341055,0.0464562813,0.0713566689,0.0515192676,0.065980208,0.0693294414,0.352064129
771,0.578362254,0.223869857,0.0605769795,0.0475996387,0.0754862676,0.052117085,0.0635591416,0.0715092363,0.350406583
772,0.582635552,0.224535486,0.0604986572,0.0460967607,0.0715439629,0.0523942881,0.0642056143,0.0696975225,0.355749335
773,0.574859681,0.224917633,0.0617216963,0.0459993301,0.074551834,0.0518389473,0.0632644355,0.0689660947,0.346583988
774,0.586869947,0.226247253,0.0623306631,0.0453958926,0.074101958,0.0545798467,0.0649049863,0.0695451465,0.353433016
775,0.584872227,0.226557601,0.0642259668,0.0455852402,0.0722155752,0.0537632773,0.0636346924,0.0689360107,0.355616735
776,0.586292943,0.227421379,0.0633409307,0.0472673838,0.0731048135,0.0539596602,0.0639863086,0.0701016953,0.356650999
777,0.583381554,0.227791462,0.0614411201,0.0477013643,0.0730993789,0.0544104424,0.0647115313,0.0718716318,0.355171881
778,0.587752882,0.232762434,0.0614727607,0.0485204316,0.072454251,0.0523982949,0.0641166904,0.0696694668,0.353324532
779,0.5904573,0.227060465,0.0607481836,0.0462820879,0.0729284834,0.0535188105,0.0652659805,0.0702462539,0.361922342
780,0.603045944,0.228927128,0.0669244629,0.0463045068,0.0756546504,0.0526515898,0.0637150205,0.0701122715,0.354513521
781,0.588877659,0.232658276,0.0624224043,0.0461065215,0.0724539326,0.0550353105,0.0666434209,0.0751066504,0.363110346
782,0.596352436,0.227296845,0.0612153535,0.0455868369,0.0739428809,0.053439585,0.0645845918,0.0704919619,0.360753647
783,0.588427028,0.228849406,0.06139854,0.047356959,0.0766981914,0.053409416,0.0641744717,0.072702874,0.35928623
784,0.598688896,0.23065229,0.0621762441,0.0459222021,0.0750283818,0.054118915,0.0647792549,0.0726563096,0.361025879
785,0.594174779,0.230180057,0.0617756328,0.0466117002,0.0746484688,0.0535651445,0.0665937012,0.0720543711,0.366239823
786,0.598715863,0.232039012,0.0616691807,0.0459430625,0.0739256094,0.0549136973,0.0652795576,0.0713169082,0.361249608
787,0.60504177,0.237470321,0.0629184443,0.0455280732,0.0739179482,0.0533712031,0.0650878408,0.0717738906,0.359989869
788,0.602450999,0.234523854,0.0648878652,0.0458421074,0.073652335,0.0530350518,0.0647206104,0.0726269209,0.362273008
789,0.598277573,0.236019586,0.0617771113,0.0472260469,0.0768797705,0.0550288662,0.0662508193,0.0709558154,0.363755021
790,0.616836343,0.234140562,0.0628586807,0.0465633516,0.0754270459,0.0556811387,0.0650736865,0.073730999,0.366575171
791,0.608719794,0.233151011,0.0634967129,0.0460276729,0.0758697988,0.054510916,0.0675816582,0.0709762695,0.365207337
792,0.607021085,0.235642688,0.0629574121,0.050323832,0.0760961943,0.0534906729,0.0666579648,0.0735734424,0.373137021
793,0.608416364,0.234141735,0.0623179434,0.046261708,0.0768975098,0.0575559502,0.0668762266,0.0745303145,0.369985076
794,0.609857646,0.233796529,0.0631519082,0.0461976133,0.0764781152,0.0553635605,0.065441582,0.0743245791,0.370202445
795,0.61624683,0.234233887,0.0626007793,0.046414166,0.074957292,0.0556782012,0.0653196875,0.0756343125,0.368897219
796,0.618629843,0.236244864,0.064083124,0.0469685195,0.0766164229,0.0560021113,0.0664072324,0.0733230859,0.372504603
797,0.618178081,0.241573763,0.0625949707,0.0478705098,0.0749263496,0.0539619346,0.0708178057,0.0751838477,0.371344807
798,0.616538523,0.238774487,0.0654151631,0.0471494707,0.0761639805,0.0536252803,0.0670515859,0.0731398369,0.371741962
799,0.619085724,0.236196017,0.0650830195,0.0482314229,0.0751613574,0.0553952705,0.0666348574,0.0733051787,0.377341081
800,0.618927034,0.2367548,0.0643060781,0.0468720068,0.0756782432,0.0540883086,0.0681148975,0.0733433066,0.378786853
801,0.626189606,0.23948432,0.0642116221,0.0470493711,0.0777347979,0.054251042,0.0665493496,0.0727160508,0.384554769
802,0.623251122,0.239256883,0.0654757754,0.0476383975,0.0754574658,0.0551146172,0.0659559854,0.0720522305,0.378883079
803,0.627209779,0.243306647,0.0650503477,0.0485267129,0.0797152715,0.0555182227,0.0663799141,0.0747112676,0.37319665
804,0.620855597,0.248569074,0.064367334,0.0464120225,0.0788775029,0.054333375,0.0661882803,0.0729046084,0.378348551
805,0.626396111,0.242483708,0.0640389443,0.0468517832,0.0768165449,0.0549460566,0.0674849951,0.0744187754,0.377152426
806,0.625309893,0.242717238,0.0631436318,0.0475654395,0.0771691816,0.0584324053,0.0699821807,0.0733340791,0.380154517
807,0.631429289,0.245668864,0.0638767812,0.0478256006,0.0771713213,0.0560652695,0.0668487646,0.0734834033,0.378341144
808,0.628430087,0.240929754,0.0655045508,0.0478074648,0.0774817998,0.0544730293,0.0662257725,0.0744595225,0.381283368
809,0.63393682,0.247822354,0.0672661006,0.0477357793,0.0799272754,0.0554070645,0.0677135566,0.0775116543,0.384485406
810,0.641144213,0.244860507,0.0636835947,0.0468130742,0.0800622187,0.0553606113,0.0678135664,0.0750629482,0.385798127
811,0.640560954,0.245709922,0.065851748,0.0469125176,0.0795675029,0.0554065977,0.0697457334,0.0772362793,0.384367371
812,0.646605479,0.251312194,0.063722917,0.0467523398,0.0781989023,0.0556671689,0.0698663076,0.0756570713,0.385079266
813,0.633575279,0.248819186,0.0651846982,0.0469249717,0.0805148271,0.0561026543,0.0673495615,0.073911501,0.390574833
814,0.63615104,0.249168402,0.0671388838,0.0477017627,0.0802303574,0.0553946055,0.0690300322,0.0754459482,0.386548091
815,0.642640946,0.255612918,0.0659331689,0.047442708,0.0784162236,0.0576245088,0.0682902148,0.0753157393,0.387339413
816,0.639068723,0.255321447,0.0651340781,0.0472937344,0.0802684502,0.0571478965,0.0677068281,0.0747468447,0.395834056
817,0.645104836,0.247985519,0.0651303408,0.0498404102,0.0791194209,0.0559015527,0.0680605322,0.0752535,0.396064723
818,0.641777544,0.251271999,0.0660306113,0.0475026055,0.0799850127,0.0592056768,0.0687854111,0.0741962383,0.390006147
819,0.644147177,0.252994749,0.0643848486,0.0494480332,0.0826911572,0.057367915,0.0685058057,0.0749539775,0.398349901
820,0.649141496,0.250572885,0.0657526035,0.0486464902,0.0812197588,0.0560295283,0.0700255146,0.0764055986,0.390624944
821,0.650306765,0.254383002,0.0679560947,0.0477407861,0.081118418,0.0558466709,0.0681556074,0.0777852227,0.393241198
822,0.654379566,0.264516331,0.0680678867,0.0489364141,0.0784712256,0.0565294365,0.0678675059,0.0753818457,0.39934492
823,0.64886394,0.256464133,0.0660831924,0.0488089814,0.08031496,0.0559543145,0.0688504316,0.0754473418,0.396325496
824,0.645865,0.25409998,0.0651273018,0.0491999082,0.0792115381,0.0559481592,0.0708290576,0.076543877,0.399755864
825,0.652276761,0.250623913,0.0662706748,0.0480988955,0.0804259854,0.0561083906,0.0682245059,0.0764263662,0.404762908
826,0.650616778,0.255078602,0.0650854658,0.0491413105,0.0803019883,0.0566609736,0.069182751,0.0761440547,0.396711882
827,0.654602911,0.258078572,0.0686333096,0.0491263506,0.0804137705,0.0578091572,0.0687344404,0.0759979258,0.400697343
828,0.66269818,0.257675995,0.0666418926,0.0512797646,0.0826475645,0.0576856211,0.0704533262,0.0765709023,0.403113699
829,0.665410817,0.257012012,0.0681100215,0.0508296934,0.0841014209,0.0570683271,0.0715322383,0.0781866045,0.407260645
830,0.668776648,0.257412542,0.0681734307,0.0488655967,0.0798952041,0.0579286016,0.0702563477,0.0773380654,0.411965962
831,0.668565423,0.262331442,0.0673155693,0.0496037881,0.0812905449,0.0590193008,0.0692320693,0.0757347617,0.401977706
832,0.668335958,0.258777009,0.0660366152,0.0507799385,0.0819952969,0.0563732285,0.0702237412,0.0779160586,0.404537731
833,0.669753706,0.257890165,0.0664389268,0.049245167,0.0809976738,0.0563424404,0.0704682646,0.0791512412,0.406271392
834,0.677393254,0.26332139,0.0659869053,0.049253042,0.0810272607,0.0585235566,0.070887127,0.0777723311,0.409019026
835,0.679328386,0.259873869,0.0690210107,0.0494581221,0.0825926836,0.0569787041,0.0699785322,0.0764269551,0.40923899
836,0.676292478,0.266470469,0.067203793,0.0486701641,0.0828230127,0.05755954,0.0708367988,0.0762387012,0.413900943
837,0.67199642,0.26525991,0.0682882412,0.0488534502,0.0818118623,0.0576690254,0.0701050938,0.0775515381,0.408197104
838,0.679335683,0.261739001,0.0667672725,0.0503156514,0.0809261973,0.0587015283,0.0700911357,0.0782788926,0.407435147
839,0.679059137,0.262188327,0.0690729619,0.0495089717,0.0825114775,0.0577545918,0.0697211621,0.0770015566,0.411979884
840,0.682114171,0.26355408,0.0690883457,0.0512767686,0.0838419336,0.0573452129,0.0716236729,0.0768717461,0.412524291
841,0.680371916,0.266386332,0.0686750518,0.0498252197,0.0859714795,0.0582923164,0.0697267646,0.0782697871,0.408997413
842,0.684773956,0.267801927,0.0682246455,0.0508723047,0.0869852539,0.0572836064,0.0700136846,0.0778451797,0.42058917
843,0.684222727,0.267329416,0.0673114951,0.0506170488,0.0882599619,0.0578694209,0.0710544199,0.0774500957,0.418141077
844,0.681495935,0.270111054,0.0674742734,0.0508010527,0.0823905762,0.0581983301,0.0706475938,0.0788468779,0.423094746
845,0.687466241,0.273082525,0.0675240771,0.0500932607,0.0817041611,0.059329458,0.0743406738,0.0802772393,0.422820203
846,0.690417755,0.271088739,0.0681331367,0.0501161807,0.0845420469,0.0590649795,0.070551543,0.0776243955,0.415581113
847,0.690762383,0.271311354,0.0680640869,0.0508786943,0.0844050635,0.0574783633,0.0701862285,0.0771294043,0.420432322
848,0.685134971,0.268374016,0.0679113164,0.0501052754,0.0838987119,0.0594922656,0.0708132383,0.0811817266,0.418468802
849,0.688283403,0.270977574,0.0690154697,0.0503659961,0.0831183926,0.0595686738,0.0704053027,0.0789667598,0.419077938
850,0.692323714,0.273704662,0.0690974727,0.0503715479,0.0837806836,0.0619870879,0.0726708691,0.077790666,0.419384393
851,0.69267879,0.273796791,0.0690209668,0.050111374,0.0834925967,0.0583448975,0.0711666592,0.077388041,0.423475194
852,0.697907633,0.269965236,0.0713272773,0.0512238545,0.0856707705,0.0590159609,0.0711935977,0.0783297979,0.421989532
853,0.6972951,0.271657926,0.0697131357,0.0533325254,0.0841965205,0.0584834258,0.0718892939,0.0787599385,0.423117979
854,0.702745654,0.271852987,0.0674823877,0.0517580566,0.0841690693,0.0584429932,0.0718381289,0.078644208,0.42126436
855,0.701693797,0.274926671,0.0698789688,0.0506695186,0.083820999,0.0584415498,0.0711762305,0.0804606953,0.420580695
856,0.699104477,0.275287848,0.0690414512,0.0507369248,0.0858914678,0.0593719219,0.0733354961,0.0793944277,0.426111961
857,0.697484597,0.275126256,0.068121377,0.0504971572,0.0874311836,0.0584878076,0.0741501348,0.0800961855,0.430666872
858,0.713249205,0.276264528,0.0688002627,0.0513702373,0.0847623242,0.05932229,0.0722225771,0.0785937549,0.428546028
859,0.710495876,0.272849191,0.0692000713,0.0509363408,0.0843513936,0.0603270596,0.0714050811,0.080280793,0.427740576
860,0.712433791,0.275653632,0.0686790869,0.0508549404,0.087405791,0.0592066621,0.0754159512,0.0800601748,0.430357514
861,0.713192505,0.276819667,0.0682148242,0.0507339785,0.0845840371,0.0597578496,0.0737081592,0.0800074658,0.434907622
862,0.711711601,0.277492539,0.0736734424,0.0503995156,0.0847098613,0.0591858486,0.0721289219,0.0810799473,0.431335755
863,0.714165528,0.27798844,0.0682675059,0.050470376,0.0857861748,0.0588880869,0.0718760664,0.078868958,0.432083779
864,0.720422109,0.277973368,0.0723586758,0.0520587402,0.0849100225,0.0593378398,0.0741567744,0.0810313926,0.433645549
865,0.713852823,0.278800318,0.0690486592,0.0516488262,0.0863754277,0.0609361748,0.0727669238,0.0800982383,0.437101048
866,0.711806187,0.277401552,0.0702797344,0.0508081123,0.0875814111,0.0594896113,0.0722072119,0.0811543682,0.433788096
867,0.717362379,0.280764952,0.0693058096,0.051293083,0.0863943809,0.0618054414,0.0752343633,0.0809422334,0.438061852
868,0.724290274,0.283315067,0.070311667,0.05101246,0.0879981406,0.0607797568,0.0737563252,0.0800488174,0.441843783
869,0.717987111,0.283565934,0.0704057129,0.0533300762,0.0873289766,0.0597222168,0.0737150566,0.0807165,0.438856551
870,0.726285339,0.279087498,0.0695744023,0.0511241152,0.0878080176,0.061815708,0.0733123525,0.0805800088,0.436460801
871,0.722431111,0.280455756,0.0698602314,0.0512288955,0.0897158867,0.0597732871,0.0732116641,0.0832223418,0.442077794
872,0.720899843,0.281205741,0.0712874355,0.0513449814,0.0878195996,0.0595235937,0.0724662021,0.0828972695,0.440662618
873,0.728467574,0.284324323,0.070230749,0.0549431016,0.08940721,0.0597789951,0.0744287461,0.0796776357,0.450344047
874,0.719328966,0.286814672,0.0713005566,0.0517304814,0.0866902236,0.0608373125,0.0736725664,0.0798192871,0.442072107
875,0.73028086,0.287471358,0.0718655742,0.0513061143,0.0877469912,0.0606428623,0.072779418,0.0829030498,0.44226108
876,0.736087818,0.284538546,0.0704818418,0.0515787803,0.0888696221,0.0619598027,0.0729837148,0.0802610459,0.445455812
877,0.727619543,0.292764521,0.0706815029,0.0527590469,0.0884033701,0.0598885439,0.0731523965,0.0804216719,0.450256942
878,0.741686061,0.288105667,0.0715106416,0.0524421143,0.0904493652,0.0618450225,0.0750785439,0.0829616348,0.44788021
879,0.737374463,0.287167324,0.0700241875,0.0528170889,0.0877475635,0.0608098271,0.0744658701,0.0812986768,0.446197811
880,0.74086807,0.293164668,0.0706893906,0.052475085,0.0944546875,0.060975541,0.0735388213,0.0820760771,0.455810763
881,0.746282991,0.292147858,0.0720667842,0.0522425127,0.0888776035,0.0622399414,0.0733142305,0.0859008389,0.450376883
882,0.74183636,0.290137605,0.0707627637,0.0536712207,0.0901469277,0.0616420381,0.0779734502,0.0818828447,0.449082092
883,0.745085791,0.290531913,0.0722013975,0.05179529,0.0900565264,0.0619095801,0.0738117969,0.0819133252,0.451483505
884,0.750335525,0.289983012,0.0744556025,0.052957332,0.0905061992,0.0625208291,0.0740154961,0.0822441416,0.454756384
885,0.744643228,0.294799297,0.0710987646,0.0535395029,0.0882035352,0.0604818916,0.074278252,0.0877193574,0.454386763
886,0.753534433,0.294590311,0.0740681211,0.0528155361,0.0915152021,0.0651674746,0.0751102246,0.0828836221,0.453518099
887,0.747985271,0.299696762,0.0709978281,0.0542534004,0.0897143086,0.0625384121,0.0766451855,0.0846665732,0.463576212
888,0.759012187,0.29317569,0.0731477764,0.0527863037,0.0902826484,0.0615718486,0.0753575781,0.0829783213,0.456284508
889,0.750256855,0.291786128,0.0729189443,0.053409208,0.0891802725,0.0615388779,0.0745508887,0.0827684092,0.461110133
890,0.760446256,0.295094592,0.0726796689,0.0527248682,0.0927437891,0.0624024365,0.0748141035,0.081913165,0.462093417
891,0.755555086,0.295753891,0.0748415908,0.052294084,0.0923779131,0.0627627783,0.0741255615,0.0808931182,0.458077544
892,0.759712966,0.296466088,0.0721079922,0.05292271,0.0910251377,0.065111791,0.0749606758,0.0815391484,0.459153347
893,0.756077304,0.296904536,0.0730448369,0.0527632061,0.0921074834,0.0611883779,0.0757408936,0.0858937451,0.464950453
894,0.765398982,0.296906675,0.0731927451,0.055307125,0.0896864883,0.0624580176,0.0760587773,0.0845499736,0.468980902
895,0.766363115,0.296136579,0.0725091455,0.0528102939,0.0921537979,0.0629368018,0.0750640146,0.0814138701,0.467685978
896,0.762535441,0.300388805,0.0724854473,0.0534452031,0.0917324189,0.0633988818,0.0750296748,0.0856976074,0.466003082
897,0.766484748,0.302422745,0.072688124,0.056273417,0.0914591035,0.0626956279,0.0748231484,0.0843525225,0.467380147
898,0.775136005,0.302818005,0.0717760967,0.0555350654,0.0914548145,0.0618263408,0.0750776152,0.083448582,0.466865736
899,0.780286583,0.298286275,0.0734447617,0.0532936064,0.0927888066,0.061742416,0.0758898877,0.0848033506,0.470419936
900,0.767319327,0.302062954,0.0726415869,0.0559184951,0.0928707471,0.0618102148,0.079522751,0.0821862109,0.470307292
901,0.77518451,0.299297061,0.0724629326,0.0531361182,0.0949635977,0.0627596436,0.0761782783,0.0830092236,0.472585099
902,0.777566962,0.304609931,0.0727094102,0.0540478799,0.0911901426,0.0654605986,0.0786587412,0.0838270576,0.468291662
903,0.779199639,0.306261349,0.0733494287,0.0552522559,0.0908245439,0.0641983652,0.075392541,0.0847321338,0.472910127
904,0.778558727,0.307491716,0.0723032734,0.0544120186,0.093017501,0.0656490527,0.0776620215,0.0831617148,0.475847064
905,0.782340772,0.304520122,0.0750709102,0.0541172061,0.0939953955,0.0626877441,0.0758451582,0.0825140234,0.474208607
906,0.787250268,0.303772393,0.0742199453,0.0536488301,0.0922628613,0.0633645508,0.0768359912,0.082984624,0.475977372
907,0.795818875,0.307437925,0.0733863262,0.0550011006,0.0918126152,0.0632876143,0.0794582412,0.083318083,0.486341973
908,0.788325764,0.305802721,0.0765596641,0.0543345771,0.0926965947,0.0628439268,0.0764090303,0.0838471162,0.481164668
909,0.79049715,0.311081501,0.0729016299,0.0552477471,0.0931266855,0.0658880928,0.0762538945,0.0873772217,0.478375959
910,0.792567407,0.308461858,0.0755937363,0.0571065342,0.0949676074,0.0648226582,0.077849916,0.0854821846,0.478925389
911,0.786306703,0.312810151,0.0753253496,0.0563446123,0.09801221,0.0626874629,0.0772109287,0.0857827432,0.479235376
912,0.790671835,0.312440809,0.0742725781,0.0544184609,0.0938274053,0.0649011504,0.0783001416,0.0846020576,0.484910063
913,0.805962577,0.31342173,0.0754529102,0.0545424795,0.0948099551,0.0639154336,0.0799938672,0.0860817813,0.483156033
914,0.803968277,0.314545868,0.0751472803,0.0555088691,0.0977344854,0.0630262031,0.0779124307,0.09186079,0.491477111
915,0.807177924,0.314782996,0.0745981738,0.0571122187,0.0944105371,0.0673187578,0.077107415,0.0859978955,0.486457392
916,0.813229706,0.310106202,0.077221915,0.0583931201,0.0944170859,0.0665722207,0.0790551475,0.084954335,0.490313232
917,0.800936349,0.313428365,0.0737763193,0.0585742324,0.0937998652,0.0635693564,0.0790528818,0.0880129727,0.490366613
918,0.808873241,0.317300765,0.0750275137,0.0557105244,0.0966629297,0.0631883652,0.0800685977,0.0846729248,0.489254413
919,0.807783574,0.315350797,0.0769719775,0.0545587539,0.0948854531,0.0647143164,0.0778684209,0.084477749,0.486738742
920,0.813032028,0.317135978,0.0747832842,0.0555354268,0.0954145967,0.0680672646,0.0784403467,0.0887817197,0.485092084
921,0.81671707,0.316235659,0.0741421191,0.0547327637,0.0958875937,0.0638643154,0.0787137549,0.0879676484,0.496092975
922,0.814411677,0.318137471,0.0749813164,0.0565715957,0.0956603672,0.0636918252,0.078014084,0.0860745156,0.497043546
923,0.815866158,0.315533772,0.0738944941,0.0547865664,0.0960899365,0.0651586553,0.0799350078,0.0856949014,0.499643271
924,0.821918012,0.317396479,0.0747636416,0.0563365723,0.0978631074,0.0651962188,0.0776676543,0.0864661465,0.490661531
925,0.824529803,0.32004707,0.0761211162,0.0558345742,0.099499377,0.0654467705,0.0777178857,0.0853197139,0.495715098
926,0.81684378,0.320161866,0.0748230713,0.055836291,0.0993662646,0.0657076035,0.0825488076,0.0850114541,0.496012601
927,0.828327284,0.323938844,0.0748999316,0.0572278037,0.0961638672,0.0640355557,0.0795948643,0.085220374,0.503692611
928,0.818494111,0.324727499,0.0750945996,0.0554926777,0.095264376,0.0652800908,0.0790714805,0.0888086787,0.498159245
929,0.818161472,0.31754982,0.0811303848,0.0560921221,0.0952212988,0.0647665996,0.0798806748,0.0896807021,0.503691101
930,0.833241462,0.325411071,0.0771807969,0.0563463789,0.0987314092,0.0665674834,0.0812262852,0.0868795625,0.501869996
931,0.827753067,0.331481208,0.0778272305,0.0556096455,0.0947966758,0.0650661582,0.0805589277,0.0870511172,0.50104581
932,0.838696968,0.32366685,0.0751211689,0.0566952451,0.101765,0.0662369355,0.0792488662,0.089195376,0.506115628
933,0.835318996,0.323284038,0.0763945791,0.0567889062,0.100259835,0.0661349121,0.0798987607,0.0914630908,0.50040009
934,0.829141667,0.329956517,0.0764544326,0.0557260107,0.100198887,0.0670201992,0.079316083,0.0902258975,0.50935089
935,0.840681042,0.332768332,0.076351375,0.0577613545,0.0963516865,0.0649044189,0.0801790879,0.087161377,0.505545126
936,0.843948426,0.328740698,0.0769091152,0.0570475527,0.0997651338,0.0651375938,0.0794490928,0.0874313359,0.512929959
937,0.844885246,0.333644188,0.0754960605,0.0560571387,0.099520373,0.067396459,0.0821575605,0.0926414004,0.513719718
938,0.847181247,0.324961094,0.0795496973,0.0556025264,0.10026344,0.0655826445,0.0791017881,0.0877995898,0.513942797
939,0.838218534,0.337874263,0.0780545352,0.0575910293,0.0989273066,0.0681391006,0.0808118711,0.0876314746,0.517161558
940,0.851554094,0.329988124,0.079768208,0.060078001,0.100007068,0.0659263857,0.0817813613,0.087870124,0.517479677
941,0.847637688,0.334686657,0.0779804316,0.0561144199,0.0986627305,0.065010585,0.0806305264,0.0865689883,0.519035603
942,0.863046698,0.339327828,0.0782259316,0.0570461416,0.100136694,0.0668423057,0.0836185586,0.0889495449,0.520880113
943,0.855918724,0.336681107,0.0787653223,0.0561924678,0.103262061,0.0669258828,0.0823292471,0.0903079072,0.520910449
944,0.85504659,0.342425619,0.0768833389,0.0591617422,0.102228799,0.0674140078,0.0817576377,0.0883119883,0.524025917
945,0.855167041,0.341287326,0.0789536055,0.0580478467,0.0997535576,0.0673696816,0.0843517002,0.0892926475,0.527209664
946,0.857120968,0.34028683,0.0829455225,0.0594360215,0.0982556123,0.0693373838,0.085303877,0.0911634746,0.521239983
947,0.860785987,0.344561598,0.0809430859,0.0572060898,0.101405239,0.0658394414,0.0825682334,0.0908977812,0.531971611
948,0.868095468,0.340566816,0.0799628379,0.057191666,0.100705088,0.0661725703,0.0833318721,0.0877222861,0.524286256
949,0.863547094,0.340878411,0.0814252041,0.0575821426,0.0989705098,0.0757302715,0.0813717109,0.0898502676,0.5395537
950,0.879216187,0.34406891,0.0768800518,0.057402873,0.0993730879,0.066688751,0.0838572471,0.0895012461,0.52702025
951,0.878563791,0.337240685,0.0796256006,0.0581917539,0.100845831,0.0674512998,0.0839986514,0.088480957,0.527949959
952,0.864371203,0.33956774,0.0788788428,0.057471543,0.100587631,0.0671015137,0.0847542471,0.0894390371,0.528507616
953,0.865247528,0.335965415,0.0776036094,0.0571621152,0.103610758,0.0689108936,0.0834764648,0.0895456582,0.519594601
954,0.878713007,0.342857711,0.0797008555,0.0621612852,0.0998616816,0.0664218818,0.0806568564,0.0884083838,0.528013358
955,0.877508781,0.345205221,0.0773960811,0.0569674648,0.102176568,0.0669549141,0.0838791631,0.0885202725,0.530847816
956,0.881437495,0.34230094,0.079077083,0.0571759111,0.0998250615,0.0668122207,0.0832012773,0.0910416865,0.532624388
957,0.882705499,0.340269959,0.0786303809,0.0579002793,0.105584032,0.0666244463,0.084879251,0.08800446,0.531431116
958,0.875362806,0.348235275,0.0777067012,0.0585066855,0.10151165,0.0681411123,0.0815259111,0.0897609619,0.532392639
959,0.877320235,0.345266551,0.0789192832,0.0591162051,0.0998090273,0.0674473135,0.0811318721,0.0915262832,0.53003348
960,0.881468532,0.342518843,0.077890751,0.0610708564,0.104676907,0.0676444131,0.081709583,0.0920132314,0.539193455
961,0.883321708,0.341634144,0.0805102021,0.0580210654,0.10053247,0.0666200244,0.0840638086,0.0899843936,0.537727865
962,0.883839758,0.346137865,0.0778374414,0.0586213594,0.100684748,0.0671385,0.0833836426,0.0940128633,0.536730682
963,0.883804766,0.344273912,0.0785847402,0.0600454678,0.100701466,0.0692242168,0.0858762334,0.0929398242,0.541771639
964,0.892498291,0.345776715,0.0774425635,0.0616739473,0.102085355,0.0675060752,0.0825110586,0.0920874707,0.538685113
965,0.887236249,0.34500501,0.0787769961,0.0589701963,0.103295426,0.068055293,0.0833948828,0.091174541,0.537624526
966,0.893512069,0.34754091,0.0793756855,0.0589045996,0.102185722,0.0700817295,0.083354375,0.0895332822,0.538504893
967,0.896317252,0.347115796,0.0793251143,0.0601911201,0.102948845,0.0671673525,0.082732084,0.0906847842,0.535644445
968,0.897546644,0.352945787,0.0793133047,0.0581586396,0.102787236,0.0673530742,0.0828958389,0.0920831709,0.537653538
969,0.894847204,0.35136159,0.082741543,0.0631492197,0.103961997,0.0693781328,0.0826920684,0.0914513389,0.547359401
970,0.887823177,0.352148737,0.0786146514,0.0591765537,0.110181353,0.068637127,0.0825436094,0.0907055312,0.546400875
971,0.893662373,0.350974861,0.0801755146,0.0594239258,0.10363012,0.0677596992,0.0901020518,0.0903480352,0.546644332
972,0.912508703,0.353551263,0.079760376,0.0595646289,0.102304485,0.0688615049,0.0857619277,0.093550668,0.537162531
973,0.907320812,0.350381197,0.081225251,0.0586753652,0.103962318,0.0688808604,0.083562458,0.0908333701,0.545502039
974,0.908562441,0.351031618,0.0806242881,0.0594179434,0.102857138,0.0697147734,0.0826841934,0.0898294658,0.543063206
975,0.900748601,0.352827545,0.0792884482,0.0592042373,0.103425349,0.0698405859,0.0846544961,0.0931559385,0.545665567
976,0.904902226,0.353643572,0.0804653994,0.0603583184,0.107217118,0.0723068652,0.089900792,0.0924864688,0.551299098
977,0.908574625,0.354528141,0.0790241719,0.0604447529,0.105025063,0.0678397979,0.083975959,0.0909164551,0.548747897
978,0.911129128,0.354581362,0.0802108555,0.0608222285,0.104801996,0.0697047705,0.0855307393,0.0917117715,0.553806899
979,0.904542928,0.355092011,0.0797229805,0.058903125,0.106525479,0.0743774326,0.0830219238,0.0934872344,0.554062293
980,0.91731016,0.357729311,0.0829296064,0.0605966484,0.107559129,0.0697079082,0.0845276104,0.0910615713,0.561316796
981,0.917698898,0.354653433,0.0817875146,0.0603903887,0.104823274,0.0722996191,0.0838185859,0.0933581309,0.554564752
982,0.936998245,0.361434563,0.0814286367,0.0601064082,0.108974651,0.0682424424,0.0849404092,0.0922337373,0.558967243
983,0.931301399,0.356695125,0.0811154697,0.0610414775,0.106446673,0.0703838262,0.0841848262,0.0926113887,0.556782762
984,0.929959196,0.358942479,0.0804580801,0.0600386064,0.105001277,0.0686384287,0.0843792334,0.0911114316,0.559258497
985,0.949168401,0.357912656,0.0810957061,0.0596162471,0.106451983,0.0685305332,0.0846266318,0.0952523037,0.560533844
986,0.943696642,0.36002563,0.0820397187,0.060225292,0.106954658,0.0704383369,0.0852435293,0.0922633906,0.563910714
987,0.936465314,0.366811676,0.0800777012,0.0612923701,0.106467382,0.070155082,0.0842674873,0.0972737012,0.562147258
988,0.945149388,0.370011705,0.0802211748,0.0599872197,0.11060106,0.0710875732,0.0862157051,0.0926063389,0.56576074
989,0.943398861,0.372385811,0.0815815723,0.0608025283,0.106553586,0.0691454678,0.0851953955,0.0944960898,0.560030478
990,0.945205061,0.362311487,0.0802663154,0.0618174463,0.109317079,0.0699023789,0.0848368994,0.09445904,0.568415818
991,0.948800113,0.365785413,0.0804089189,0.0616033213,0.108512784,0.0705129678,0.0842401807,0.0916793965,0.562839223
992,0.948860538,0.367945615,0.0802988555,0.060705332,0.111735896,0.0700004873,0.0846049502,0.0919263535,0.563770979
993,0.953442209,0.362634887,0.0802076592,0.0618544619,0.107152428,0.0730902021,0.0853912266,0.0926342725,0.568150561
994,0.945773835,0.369259507,0.0815169795,0.0598612813,0.107904692,0.0695102432,0.0851914932,0.0929847803,0.563797954
995,0.948494275,0.366632688,0.0824530391,0.0608863115,0.107616235,0.0715106104,0.0848927295,0.0916725166,0.568161962
996,0.956978211,0.369114887,0.0811497559,0.060421127,0.108739091,0.0700258613,0.0849867295,0.0916005254,0.573849443
997,0.94880888,0.368113877,0.0921143037,0.0602577949,0.109768701,0.0713625078,0.0869528916,0.0915299072,0.567985766
998,0.959715812,0.365344198,0.0823242363,0.0601144395,0.109476261,0.0694182578,0.0861757588,0.0931983672,0.571156318
999,0.967907263,0.369633297,0.0815721855,0.0609419014,0.110109817,0.0706401943,0.0854660381,0.0921042725,0.582124842
1000,0.958582098,0.373594979,0.0850641074,0.061702875,0.110967599,0.0696198115,0.0868737012,0.0929840391,0.577230152
1001,0.964734889,0.370554127,0.0815225293,0.0654316934,0.109027737,0.0728652344,0.0852892197,0.0926488818,0.573612772
1002,0.964393348,0.370003333,0.0822048574,0.0616690469,0.110138495,0.0706075752,0.0865489307,0.0931584502,0.574770066
1003,0.967298937,0.372369286,0.083109292,0.0636108867,0.10951043,0.0712465615,0.0859376768,0.0977597979,0.58263884
1004,0.976335082,0.374848302,0.0840817432,0.062525125,0.110412654,0.0711149229,0.0924464775,0.0924381309,0.577841314
1005,0.974847537,0.373844834,0.0855928389,0.0614628721,0.111657422,0.0708320312,0.0872392656,0.0930212187,0.579196215
1006,0.974904413,0.372255745,0.0855857607,0.0636298857,0.111217205,0.0700123535,0.0873622988,0.0927050811,0.589489733
1007,0.985525077,0.376258024,0.0833595732,0.0609391436,0.111909994,0.0719456035,0.0852315859,0.0924434492,0.580308893
1008,0.97584062,0.375950666,0.0819432266,0.0634736787,0.112199017,0.0737253525,0.0872213633,0.093749627,0.585551762
1009,0.97531114,0.376379517,0.0830772861,0.0634593379,0.114185892,0.0721704756,0.0860680908,0.096465249,0.578410469
1010,0.994016885,0.377951696,0.0850383027,0.0631395986,0.111165466,0.0737161387,0.0895349326,0.0942349512,0.585548483
1011,0.979891264,0.380577519,0.0833822295,0.0619803477,0.110130299,0.0709726768,0.0865709004,0.0947948359,0.589436786
1012,0.981532133,0.381420635,0.0828838486,0.0614191836,0.115785272,0.0716398184,0.0861687666,0.0939404385,0.587513565
1013,0.982575573,0.378597182,0.0838807041,0.0618891982,0.113852986,0.0712762744,0.0873006992,0.0925427119,0.587555516
1014,0.985206568,0.382143935,0.0831762861,0.0614888076,0.112874831,0.0729506387,0.0878311387,0.0976330254,0.589685646
1015,0.985084453,0.383545572,0.0822145469,0.0613056377,0.112690596,0.0709264238,0.0862123838,0.0940233223,0.592900307
1016,0.995798677,0.381170023,0.0837472354,0.0629899668,0.111349249,0.0725913398,0.0875197764,0.0933609082,0.59728578
1017,0.991474541,0.386642482,0.0839572314,0.0614314141,0.114013674,0.0710917266,0.0863950107,0.0947839541,0.594596874
1018,0.995483423,0.38957788,0.0839054805,0.063375832,0.112611983,0.0714277773,0.0871589697,0.094714002,0.597696122
1019,1.00481928,0.387419104,0.0846299756,0.0623209736,0.113373943,0.0719835,0.0875044785,0.0932162344,0.607048189
1020,1.00305364,0.393645788,0.0843073369,0.062781749,0.113533138,0.0755032949,0.0908861797,0.0931419023,0.597327397
1021,1.00360239,0.38624127,0.0861721367,0.0618344834,0.113123095,0.0726296387,0.0884861084,0.0930361006,0.601235489
1022,1.00471753,0.388802367,0.087313582,0.0619314609,0.111618819,0.0724800107,0.0910674131,0.0948849326,0.598295923
1023,1.00622912,0.391041983,0.0841719307,0.0640988623,0.113876443,0.0719932383,0.0876587432,0.0943350215,0.602155696
1024,1.00521048,0.392541611,0.0867960391,0.0633923896,0.116178359,0.0755652959,0.088072459,0.0951959795,0.603381152
